CREATE DATABASE QuanLyHocSinh
USE [QuanLyHocSinh]
GO
CREATE TABLE ACCOUNT
(
	USERNAME NVARCHAR (100) PRIMARY KEY,
	DISPLAYNAME NVARCHAR (100) NOT NULL,
	PASSWORD NVARCHAR (1000) NOT NULL,
	TYPE INT NOT NULL
)
GO
CREATE TABLE [dbo].[BANGDIEMMONHOC](
	[MABANGDIEM] [nvarchar](50) PRIMARY KEY NOT NULL,
	[DIEM15PHUT] [float] NULL,
	[DIEM1TIET] [float] NULL,
	[DIEMTB] [float] NULL,
	[MAMON] [nvarchar](50) NULL,
	[MAHOCKI] [nvarchar](50) NULL,
	[MADANHSACH] [nvarchar](50) NULL
	)
	GO

	SELECT MABANGDIEM,DIEM15PHUT,DIEM1TIET,DIEMTB
	FROM BANGDIEMMONHOC
	WHERE MAMON=N'M1' AND MAHOCKI=N'HK1'
CREATE TABLE [dbo].[DANHSACHLOP](
	[MADANHSACH] [nvarchar](50) PRIMARY KEY NOT NULL,
	[MAHS] [nvarchar](50) NULL,
	[TBHKI] [float] NULL,
	[TBHKII] [float] NULL)

	GO
CREATE TABLE [dbo].[HOCKI](
	[MAHOCKI] [nvarchar](50) PRIMARY KEY NOT NULL,
	[TENHOCKI] [nvarchar](50) NULL)

	
	GO
CREATE TABLE [dbo].[HOCSINH](
	[MAHS] [nvarchar](50)PRIMARY KEY NOT NULL,
	[HOTEN] [nvarchar](50) NULL,
	[GIOITINH] [nvarchar](50) NULL,
	[NGAYSINH] DATE NOT NULL,
	[DIACHI] [nvarchar](50) NULL,
	[EMAIL] [nvarchar](50) NULL,
	[MALOP] [nvarchar](50) NULL)
	GO

	ALTER TABLE HOCSINH
ADD MABANGDIEM NVARCHAR(50)



SELECT * FROM BANGDIEMMONHOC
CREATE TABLE [dbo].[KHOI](
	[MAKHOI] [nvarchar](50) PRIMARY KEY NOT NULL,
	[TENKHOI] [nvarchar](50) NULL)
	GO
	CREATE TABLE [dbo].[LOP](
	[MALOP] [nvarchar](50) PRIMARY KEY NOT NULL,
	[TENLOP] [nvarchar](50) NULL,
	[SISO] [nvarchar](50) NULL,
	[MAKHOI] [nvarchar](50) NULL)

	GO
CREATE TABLE [dbo].[MON](
	[MAMON] [nvarchar](50) PRIMARY KEY NOT NULL,
	[TENMON] [nvarchar](50) NULL)
	SELECT* FROM MON
	GO
	INSERT [dbo].[MON] ([MAMON], [TENMON]) VALUES (N'MSU', N'Sử')
    INSERT [dbo].[MON] ([MAMON], [TENMON]) VALUES (N'MTHEDUC', N'Thể Dục')
	INSERT [dbo].[MON] ([MAMON], [TENMON]) VALUES (N'MDAODUC', N'Đạo Đức')
	INSERT [dbo].[MON] ([MAMON], [TENMON]) VALUES (N'MDIA', N'Địa')
	INSERT INTO MON (MAMON,TENMON) VALUES (N'M1',N'Toán')
	INSERT INTO MON (MAMON,TENMON) VALUES (N'M2',N'Văn')
	INSERT INTO MON (MAMON,TENMON) VALUES (N'M3',N'Hóa')
	INSERT INTO MON (MAMON,TENMON) VALUES (N'M4',N'Lý')
	INSERT INTO MON (MAMON,TENMON) VALUES (N'M5',N'Sinh')
	INSERT INTO MON (MAMON,TENMON) VALUES (N'M6',N'Tiếng Anh')
	

	INSERT INTO HOCKI(MAHOCKI,TENHOCKI) VALUES (N'HK1',N'Học Kỳ 1')
	INSERT INTO HOCKI(MAHOCKI,TENHOCKI) VALUES (N'HK2',N'Học Kỳ 2')
	GO
INSERT INTO ACCOUNT (USERNAME,DISPLAYNAME,PASSWORD,TYPE) VALUES (N'HUU',N'HUU',N'1',1);


GO

INSERT [dbo].[KHOI] ([MAKHOI], [TENKHOI]) VALUES (N'K10', N'Khối 10')
INSERT [dbo].[KHOI] ([MAKHOI], [TENKHOI]) VALUES (N'K11', N'Khối 11')
INSERT [dbo].[KHOI] ([MAKHOI], [TENKHOI]) VALUES (N'K12', N'Khối 12')

GO
INSERT [dbo].[LOP] ([MALOP], [TENLOP], [SISO], [MAKHOI]) VALUES (N'L10A1', N'10A1', N'3', N'K10')
INSERT [dbo].[LOP] ([MALOP], [TENLOP], [SISO], [MAKHOI]) VALUES (N'L10A2', N'10A2', N'3', N'K10')
INSERT [dbo].[LOP] ([MALOP], [TENLOP], [SISO], [MAKHOI]) VALUES (N'L10A3', N'10A3', N'3', N'K10')
INSERT [dbo].[LOP] ([MALOP], [TENLOP], [SISO], [MAKHOI]) VALUES (N'L10A4', N'10A4', N'3', N'K10')
INSERT [dbo].[LOP] ([MALOP], [TENLOP], [SISO], [MAKHOI]) VALUES (N'L11A1', N'11A1', N'3', N'K11')
INSERT [dbo].[LOP] ([MALOP], [TENLOP], [SISO], [MAKHOI]) VALUES (N'L11A2', N'11A2', N'3', N'K11')
INSERT [dbo].[LOP] ([MALOP], [TENLOP], [SISO], [MAKHOI]) VALUES (N'L11A3', N'11A3', N'3', N'K11')
INSERT [dbo].[LOP] ([MALOP], [TENLOP], [SISO], [MAKHOI]) VALUES (N'L12A1', N'12A1', N'3', N'K12')
INSERT [dbo].[LOP] ([MALOP], [TENLOP], [SISO], [MAKHOI]) VALUES (N'L12A2', N'12A2', N'3', N'K12')
GO
INSERT [dbo].[DANHSACHLOP] ([MADANHSACH], [MAHS], [TBHKI], [TBHKII]) VALUES (N'MDS01', N'HS01', NULL, NULL)
INSERT [dbo].[DANHSACHLOP] ([MADANHSACH], [MAHS], [TBHKI], [TBHKII]) VALUES (N'MDS02', N'HS02', NULL, NULL)
INSERT [dbo].[DANHSACHLOP] ([MADANHSACH], [MAHS], [TBHKI], [TBHKII]) VALUES (N'MDS03', N'HS03', NULL, NULL)
INSERT [dbo].[DANHSACHLOP] ([MADANHSACH], [MAHS], [TBHKI], [TBHKII]) VALUES (N'MDS04', N'HS04', NULL, NULL)
INSERT [dbo].[DANHSACHLOP] ([MADANHSACH], [MAHS], [TBHKI], [TBHKII]) VALUES (N'MDS05', N'HS05', NULL, NULL)
INSERT [dbo].[DANHSACHLOP] ([MADANHSACH], [MAHS], [TBHKI], [TBHKII]) VALUES (N'MDS06', N'HS06', NULL, NULL)
INSERT [dbo].[DANHSACHLOP] ([MADANHSACH], [MAHS], [TBHKI], [TBHKII]) VALUES (N'MDS07', N'HS07', NULL, NULL)
INSERT [dbo].[DANHSACHLOP] ([MADANHSACH], [MAHS], [TBHKI], [TBHKII]) VALUES (N'MDS08', N'HS08', NULL, NULL)
INSERT [dbo].[DANHSACHLOP] ([MADANHSACH], [MAHS], [TBHKI], [TBHKII]) VALUES (N'MDS09', N'HS09', NULL, NULL)
INSERT [dbo].[DANHSACHLOP] ([MADANHSACH], [MAHS], [TBHKI], [TBHKII]) VALUES (N'MDS10', N'HS10', NULL, NULL)
INSERT [dbo].[DANHSACHLOP] ([MADANHSACH], [MAHS], [TBHKI], [TBHKII]) VALUES (N'MDS11', N'HS11', NULL, NULL)
INSERT [dbo].[DANHSACHLOP] ([MADANHSACH], [MAHS], [TBHKI], [TBHKII]) VALUES (N'MDS12', N'HS12', NULL, NULL)
INSERT [dbo].[DANHSACHLOP] ([MADANHSACH], [MAHS], [TBHKI], [TBHKII]) VALUES (N'MDS13', N'HS13', NULL, NULL)
INSERT [dbo].[DANHSACHLOP] ([MADANHSACH], [MAHS], [TBHKI], [TBHKII]) VALUES (N'MDS14', N'HS14', NULL, NULL)
INSERT [dbo].[DANHSACHLOP] ([MADANHSACH], [MAHS], [TBHKI], [TBHKII]) VALUES (N'MDS15', N'HS15', NULL, NULL)
INSERT [dbo].[DANHSACHLOP] ([MADANHSACH], [MAHS], [TBHKI], [TBHKII]) VALUES (N'MDS16', N'HS16', NULL, NULL)
INSERT [dbo].[DANHSACHLOP] ([MADANHSACH], [MAHS], [TBHKI], [TBHKII]) VALUES (N'MDS17', N'HS17', NULL, NULL)
INSERT [dbo].[DANHSACHLOP] ([MADANHSACH], [MAHS], [TBHKI], [TBHKII]) VALUES (N'MDS18', N'HS18', NULL, NULL)
INSERT [dbo].[DANHSACHLOP] ([MADANHSACH], [MAHS], [TBHKI], [TBHKII]) VALUES (N'MDS19', N'HS19', NULL, NULL)
INSERT [dbo].[DANHSACHLOP] ([MADANHSACH], [MAHS], [TBHKI], [TBHKII]) VALUES (N'MDS20', N'HS20', NULL, NULL)
INSERT [dbo].[DANHSACHLOP] ([MADANHSACH], [MAHS], [TBHKI], [TBHKII]) VALUES (N'MDS21', N'HS21', NULL, NULL)
INSERT [dbo].[DANHSACHLOP] ([MADANHSACH], [MAHS], [TBHKI], [TBHKII]) VALUES (N'MDS22', N'HS22', NULL, NULL)
INSERT [dbo].[DANHSACHLOP] ([MADANHSACH], [MAHS], [TBHKI], [TBHKII]) VALUES (N'MDS23', N'HS23', NULL, NULL)
INSERT [dbo].[DANHSACHLOP] ([MADANHSACH], [MAHS], [TBHKI], [TBHKII]) VALUES (N'MDS24', N'HS24', NULL, NULL)
INSERT [dbo].[DANHSACHLOP] ([MADANHSACH], [MAHS], [TBHKI], [TBHKII]) VALUES (N'MDS25', N'HS25', NULL, NULL)
INSERT [dbo].[DANHSACHLOP] ([MADANHSACH], [MAHS], [TBHKI], [TBHKII]) VALUES (N'MDS26', N'HS26', NULL, NULL)
INSERT [dbo].[DANHSACHLOP] ([MADANHSACH], [MAHS], [TBHKI], [TBHKII]) VALUES (N'MDS27', N'HS27', NULL, NULL)
INSERT [dbo].[DANHSACHLOP] ([MADANHSACH], [MAHS], [TBHKI], [TBHKII]) VALUES (N'MDS28', N'HS28', NULL, NULL)
INSERT [dbo].[DANHSACHLOP] ([MADANHSACH], [MAHS], [TBHKI], [TBHKII]) VALUES (N'MDS29', N'HS29', NULL, NULL)
INSERT [dbo].[DANHSACHLOP] ([MADANHSACH], [MAHS], [TBHKI], [TBHKII]) VALUES (N'MDS30', N'HS30', NULL, NULL)
INSERT [dbo].[DANHSACHLOP] ([MADANHSACH], [MAHS], [TBHKI], [TBHKII]) VALUES (N'MDS31', N'HS31', NULL, NULL)
INSERT [dbo].[DANHSACHLOP] ([MADANHSACH], [MAHS], [TBHKI], [TBHKII]) VALUES (N'MDS32', N'HS32', NULL, NULL)
INSERT [dbo].[DANHSACHLOP] ([MADANHSACH], [MAHS], [TBHKI], [TBHKII]) VALUES (N'MDS33', N'HS33', NULL, NULL)
INSERT [dbo].[DANHSACHLOP] ([MADANHSACH], [MAHS], [TBHKI], [TBHKII]) VALUES (N'MDS34', N'HS34', NULL, NULL)
INSERT [dbo].[DANHSACHLOP] ([MADANHSACH], [MAHS], [TBHKI], [TBHKII]) VALUES (N'MDS35', N'HS35', NULL, NULL)
INSERT [dbo].[DANHSACHLOP] ([MADANHSACH], [MAHS], [TBHKI], [TBHKII]) VALUES (N'MDS36', N'HS36', NULL, NULL)
GO
SELECT*
FROM HOCSINH AS H INNER JOIN DANHSACHLOP AS D ON D.MAHS=H.MAHS
WHERE H.MAHS=N'HS27'
GO
INSERT [dbo].[BANGDIEMMONHOC] ([MABANGDIEM], [DIEM15PHUT], [DIEM1TIET], [DIEMTB], [MAMON], [MAHOCKI], [MADANHSACH]) VALUES (N'MBD001', NULL, NULL, NULL, N'MTOAN', N'HKI', N'MDS01')
INSERT [dbo].[BANGDIEMMONHOC] ([MABANGDIEM], [DIEM15PHUT], [DIEM1TIET], [DIEMTB], [MAMON], [MAHOCKI], [MADANHSACH]) VALUES (N'MBD002', NULL, NULL, NULL, N'MLY', N'HKI', N'MDS01')
INSERT [dbo].[BANGDIEMMONHOC] ([MABANGDIEM], [DIEM15PHUT], [DIEM1TIET], [DIEMTB], [MAMON], [MAHOCKI], [MADANHSACH]) VALUES (N'MBD003', NULL, NULL, NULL, N'MHOA', N'HKI', N'MDS01')
INSERT [dbo].[BANGDIEMMONHOC] ([MABANGDIEM], [DIEM15PHUT], [DIEM1TIET], [DIEMTB], [MAMON], [MAHOCKI], [MADANHSACH]) VALUES (N'MBD004', NULL, NULL, NULL, N'MSINH', N'HKI', N'MDS01')
INSERT [dbo].[BANGDIEMMONHOC] ([MABANGDIEM], [DIEM15PHUT], [DIEM1TIET], [DIEMTB], [MAMON], [MAHOCKI], [MADANHSACH]) VALUES (N'MBD005', NULL, NULL, NULL, N'MSU', N'HKI', N'MDS01')
INSERT [dbo].[BANGDIEMMONHOC] ([MABANGDIEM], [DIEM15PHUT], [DIEM1TIET], [DIEMTB], [MAMON], [MAHOCKI], [MADANHSACH]) VALUES (N'MBD006', NULL, NULL, NULL, N'MDIA', N'HKI', N'MDS01')
INSERT [dbo].[BANGDIEMMONHOC] ([MABANGDIEM], [DIEM15PHUT], [DIEM1TIET], [DIEMTB], [MAMON], [MAHOCKI], [MADANHSACH]) VALUES (N'MBD007', NULL, NULL, NULL, N'MVAN', N'HKI', N'MDS01')
INSERT [dbo].[BANGDIEMMONHOC] ([MABANGDIEM], [DIEM15PHUT], [DIEM1TIET], [DIEMTB], [MAMON], [MAHOCKI], [MADANHSACH]) VALUES (N'MBD008', NULL, NULL, NULL, N'MDAODUC', N'HKI', N'MDS01')
INSERT [dbo].[BANGDIEMMONHOC] ([MABANGDIEM], [DIEM15PHUT], [DIEM1TIET], [DIEMTB], [MAMON], [MAHOCKI], [MADANHSACH]) VALUES (N'MBD009', NULL, NULL, NULL, N'MTHEDUC', N'HKI', N'MDS01')
INSERT [dbo].[BANGDIEMMONHOC] ([MABANGDIEM], [DIEM15PHUT], [DIEM1TIET], [DIEMTB], [MAMON], [MAHOCKI], [MADANHSACH]) VALUES (N'MBD010', NULL, NULL, NULL, N'MTOAN', N'HKII', N'MDS01')
INSERT [dbo].[BANGDIEMMONHOC] ([MABANGDIEM], [DIEM15PHUT], [DIEM1TIET], [DIEMTB], [MAMON], [MAHOCKI], [MADANHSACH]) VALUES (N'MBD011', NULL, NULL, NULL, N'MLY', N'HKII', N'MDS01')
INSERT [dbo].[BANGDIEMMONHOC] ([MABANGDIEM], [DIEM15PHUT], [DIEM1TIET], [DIEMTB], [MAMON], [MAHOCKI], [MADANHSACH]) VALUES (N'MBD012', NULL, NULL, NULL, N'MHOA', N'HKII', N'MDS01')
INSERT [dbo].[BANGDIEMMONHOC] ([MABANGDIEM], [DIEM15PHUT], [DIEM1TIET], [DIEMTB], [MAMON], [MAHOCKI], [MADANHSACH]) VALUES (N'MBD013', NULL, NULL, NULL, N'MSINH', N'HKII', N'MDS01')
INSERT [dbo].[BANGDIEMMONHOC] ([MABANGDIEM], [DIEM15PHUT], [DIEM1TIET], [DIEMTB], [MAMON], [MAHOCKI], [MADANHSACH]) VALUES (N'MBD014', NULL, NULL, NULL, N'MSU', N'HKII', N'MDS01')
INSERT [dbo].[BANGDIEMMONHOC] ([MABANGDIEM], [DIEM15PHUT], [DIEM1TIET], [DIEMTB], [MAMON], [MAHOCKI], [MADANHSACH]) VALUES (N'MBD015', NULL, NULL, NULL, N'MDIA', N'HKII', N'MDS01')
INSERT [dbo].[BANGDIEMMONHOC] ([MABANGDIEM], [DIEM15PHUT], [DIEM1TIET], [DIEMTB], [MAMON], [MAHOCKI], [MADANHSACH]) VALUES (N'MBD016', NULL, NULL, NULL, N'MVAN', N'HKII', N'MDS01')
INSERT [dbo].[BANGDIEMMONHOC] ([MABANGDIEM], [DIEM15PHUT], [DIEM1TIET], [DIEMTB], [MAMON], [MAHOCKI], [MADANHSACH]) VALUES (N'MBD017', NULL, NULL, NULL, N'MDAODUC', N'HKII', N'MDS01')
INSERT [dbo].[BANGDIEMMONHOC] ([MABANGDIEM], [DIEM15PHUT], [DIEM1TIET], [DIEMTB], [MAMON], [MAHOCKI], [MADANHSACH]) VALUES (N'MBD018', NULL, NULL, NULL, N'MTHEDUC', N'HKII', N'MDS01')
INSERT [dbo].[BANGDIEMMONHOC] ([MABANGDIEM], [DIEM15PHUT], [DIEM1TIET], [DIEMTB], [MAMON], [MAHOCKI], [MADANHSACH]) VALUES (N'MBD019', NULL, NULL, NULL, N'MTOAN', N'HKI', N'MDS02')
INSERT [dbo].[BANGDIEMMONHOC] ([MABANGDIEM], [DIEM15PHUT], [DIEM1TIET], [DIEMTB], [MAMON], [MAHOCKI], [MADANHSACH]) VALUES (N'MBD020', NULL, NULL, NULL, N'MLY', N'HKI', N'MDS02')
INSERT [dbo].[BANGDIEMMONHOC] ([MABANGDIEM], [DIEM15PHUT], [DIEM1TIET], [DIEMTB], [MAMON], [MAHOCKI], [MADANHSACH]) VALUES (N'MBD021', NULL, NULL, NULL, N'MHOA', N'HKI', N'MDS02')
INSERT [dbo].[BANGDIEMMONHOC] ([MABANGDIEM], [DIEM15PHUT], [DIEM1TIET], [DIEMTB], [MAMON], [MAHOCKI], [MADANHSACH]) VALUES (N'MBD022', NULL, NULL, NULL, N'MSINH', N'HKI', N'MDS02')
INSERT [dbo].[BANGDIEMMONHOC] ([MABANGDIEM], [DIEM15PHUT], [DIEM1TIET], [DIEMTB], [MAMON], [MAHOCKI], [MADANHSACH]) VALUES (N'MBD023', NULL, NULL, NULL, N'MSU', N'HKI', N'MDS02')
INSERT [dbo].[BANGDIEMMONHOC] ([MABANGDIEM], [DIEM15PHUT], [DIEM1TIET], [DIEMTB], [MAMON], [MAHOCKI], [MADANHSACH]) VALUES (N'MBD024', NULL, NULL, NULL, N'MDIA', N'HKI', N'MDS02')
INSERT [dbo].[BANGDIEMMONHOC] ([MABANGDIEM], [DIEM15PHUT], [DIEM1TIET], [DIEMTB], [MAMON], [MAHOCKI], [MADANHSACH]) VALUES (N'MBD025', NULL, NULL, NULL, N'MVAN', N'HKI', N'MDS02')
INSERT [dbo].[BANGDIEMMONHOC] ([MABANGDIEM], [DIEM15PHUT], [DIEM1TIET], [DIEMTB], [MAMON], [MAHOCKI], [MADANHSACH]) VALUES (N'MBD026', NULL, NULL, NULL, N'MDAODUC', N'HKI', N'MDS02')
INSERT [dbo].[BANGDIEMMONHOC] ([MABANGDIEM], [DIEM15PHUT], [DIEM1TIET], [DIEMTB], [MAMON], [MAHOCKI], [MADANHSACH]) VALUES (N'MBD027', NULL, NULL, NULL, N'MTHEDUC', N'HKI', N'MDS02')
INSERT [dbo].[BANGDIEMMONHOC] ([MABANGDIEM], [DIEM15PHUT], [DIEM1TIET], [DIEMTB], [MAMON], [MAHOCKI], [MADANHSACH]) VALUES (N'MBD028', NULL, NULL, NULL, N'MTOAN', N'HKII', N'MDS02')
INSERT [dbo].[BANGDIEMMONHOC] ([MABANGDIEM], [DIEM15PHUT], [DIEM1TIET], [DIEMTB], [MAMON], [MAHOCKI], [MADANHSACH]) VALUES (N'MBD029', NULL, NULL, NULL, N'MLY', N'HKII', N'MDS02')
INSERT [dbo].[BANGDIEMMONHOC] ([MABANGDIEM], [DIEM15PHUT], [DIEM1TIET], [DIEMTB], [MAMON], [MAHOCKI], [MADANHSACH]) VALUES (N'MBD030', NULL, NULL, NULL, N'MHOA', N'HKII', N'MDS02')
INSERT [dbo].[BANGDIEMMONHOC] ([MABANGDIEM], [DIEM15PHUT], [DIEM1TIET], [DIEMTB], [MAMON], [MAHOCKI], [MADANHSACH]) VALUES (N'MBD031', NULL, NULL, NULL, N'MSINH', N'HKII', N'MDS02')
INSERT [dbo].[BANGDIEMMONHOC] ([MABANGDIEM], [DIEM15PHUT], [DIEM1TIET], [DIEMTB], [MAMON], [MAHOCKI], [MADANHSACH]) VALUES (N'MBD032', NULL, NULL, NULL, N'MSU', N'HKII', N'MDS02')
INSERT [dbo].[BANGDIEMMONHOC] ([MABANGDIEM], [DIEM15PHUT], [DIEM1TIET], [DIEMTB], [MAMON], [MAHOCKI], [MADANHSACH]) VALUES (N'MBD033', NULL, NULL, NULL, N'MDIA', N'HKII', N'MDS02')
INSERT [dbo].[BANGDIEMMONHOC] ([MABANGDIEM], [DIEM15PHUT], [DIEM1TIET], [DIEMTB], [MAMON], [MAHOCKI], [MADANHSACH]) VALUES (N'MBD034', NULL, NULL, NULL, N'MVAN', N'HKII', N'MDS02')
INSERT [dbo].[BANGDIEMMONHOC] ([MABANGDIEM], [DIEM15PHUT], [DIEM1TIET], [DIEMTB], [MAMON], [MAHOCKI], [MADANHSACH]) VALUES (N'MBD035', NULL, NULL, NULL, N'MDAODUC', N'HKII', N'MDS02')
INSERT [dbo].[BANGDIEMMONHOC] ([MABANGDIEM], [DIEM15PHUT], [DIEM1TIET], [DIEMTB], [MAMON], [MAHOCKI], [MADANHSACH]) VALUES (N'MBD036', NULL, NULL, NULL, N'MTHEDUC', N'HKII', N'MDS02')
INSERT [dbo].[BANGDIEMMONHOC] ([MABANGDIEM], [DIEM15PHUT], [DIEM1TIET], [DIEMTB], [MAMON], [MAHOCKI], [MADANHSACH]) VALUES (N'MBD037', NULL, NULL, NULL, N'MTOAN', N'HKI', N'MDS03')
INSERT [dbo].[BANGDIEMMONHOC] ([MABANGDIEM], [DIEM15PHUT], [DIEM1TIET], [DIEMTB], [MAMON], [MAHOCKI], [MADANHSACH]) VALUES (N'MBD038', NULL, NULL, NULL, N'MLY', N'HKI', N'MDS03')
INSERT [dbo].[BANGDIEMMONHOC] ([MABANGDIEM], [DIEM15PHUT], [DIEM1TIET], [DIEMTB], [MAMON], [MAHOCKI], [MADANHSACH]) VALUES (N'MBD039', NULL, NULL, NULL, N'MHOA', N'HKI', N'MDS03')
INSERT [dbo].[BANGDIEMMONHOC] ([MABANGDIEM], [DIEM15PHUT], [DIEM1TIET], [DIEMTB], [MAMON], [MAHOCKI], [MADANHSACH]) VALUES (N'MBD040', NULL, NULL, NULL, N'MSINH', N'HKI', N'MDS03')
INSERT [dbo].[BANGDIEMMONHOC] ([MABANGDIEM], [DIEM15PHUT], [DIEM1TIET], [DIEMTB], [MAMON], [MAHOCKI], [MADANHSACH]) VALUES (N'MBD041', NULL, NULL, NULL, N'MSU', N'HKI', N'MDS03')
INSERT [dbo].[BANGDIEMMONHOC] ([MABANGDIEM], [DIEM15PHUT], [DIEM1TIET], [DIEMTB], [MAMON], [MAHOCKI], [MADANHSACH]) VALUES (N'MBD042', NULL, NULL, NULL, N'MDIA', N'HKI', N'MDS03')
INSERT [dbo].[BANGDIEMMONHOC] ([MABANGDIEM], [DIEM15PHUT], [DIEM1TIET], [DIEMTB], [MAMON], [MAHOCKI], [MADANHSACH]) VALUES (N'MBD043', NULL, NULL, NULL, N'MVAN', N'HKI', N'MDS03')
INSERT [dbo].[BANGDIEMMONHOC] ([MABANGDIEM], [DIEM15PHUT], [DIEM1TIET], [DIEMTB], [MAMON], [MAHOCKI], [MADANHSACH]) VALUES (N'MBD044', NULL, NULL, NULL, N'MDAODUC', N'HKI', N'MDS03')
INSERT [dbo].[BANGDIEMMONHOC] ([MABANGDIEM], [DIEM15PHUT], [DIEM1TIET], [DIEMTB], [MAMON], [MAHOCKI], [MADANHSACH]) VALUES (N'MBD045', NULL, NULL, NULL, N'MTHEDUC', N'HKI', N'MDS03')
INSERT [dbo].[BANGDIEMMONHOC] ([MABANGDIEM], [DIEM15PHUT], [DIEM1TIET], [DIEMTB], [MAMON], [MAHOCKI], [MADANHSACH]) VALUES (N'MBD046', NULL, NULL, NULL, N'MTOAN', N'HKII', N'MDS03')
INSERT [dbo].[BANGDIEMMONHOC] ([MABANGDIEM], [DIEM15PHUT], [DIEM1TIET], [DIEMTB], [MAMON], [MAHOCKI], [MADANHSACH]) VALUES (N'MBD047', NULL, NULL, NULL, N'MLY', N'HKII', N'MDS03')
INSERT [dbo].[BANGDIEMMONHOC] ([MABANGDIEM], [DIEM15PHUT], [DIEM1TIET], [DIEMTB], [MAMON], [MAHOCKI], [MADANHSACH]) VALUES (N'MBD048', NULL, NULL, NULL, N'MHOA', N'HKII', N'MDS03')
INSERT [dbo].[BANGDIEMMONHOC] ([MABANGDIEM], [DIEM15PHUT], [DIEM1TIET], [DIEMTB], [MAMON], [MAHOCKI], [MADANHSACH]) VALUES (N'MBD049', NULL, NULL, NULL, N'MSINH', N'HKII', N'MDS03')
INSERT [dbo].[BANGDIEMMONHOC] ([MABANGDIEM], [DIEM15PHUT], [DIEM1TIET], [DIEMTB], [MAMON], [MAHOCKI], [MADANHSACH]) VALUES (N'MBD050', NULL, NULL, NULL, N'MSU', N'HKII', N'MDS03')
INSERT [dbo].[BANGDIEMMONHOC] ([MABANGDIEM], [DIEM15PHUT], [DIEM1TIET], [DIEMTB], [MAMON], [MAHOCKI], [MADANHSACH]) VALUES (N'MBD051', NULL, NULL, NULL, N'MDIA', N'HKII', N'MDS03')
INSERT [dbo].[BANGDIEMMONHOC] ([MABANGDIEM], [DIEM15PHUT], [DIEM1TIET], [DIEMTB], [MAMON], [MAHOCKI], [MADANHSACH]) VALUES (N'MBD052', NULL, NULL, NULL, N'MVAN', N'HKII', N'MDS03')
INSERT [dbo].[BANGDIEMMONHOC] ([MABANGDIEM], [DIEM15PHUT], [DIEM1TIET], [DIEMTB], [MAMON], [MAHOCKI], [MADANHSACH]) VALUES (N'MBD053', NULL, NULL, NULL, N'MDAODUC', N'HKII', N'MDS03')
INSERT [dbo].[BANGDIEMMONHOC] ([MABANGDIEM], [DIEM15PHUT], [DIEM1TIET], [DIEMTB], [MAMON], [MAHOCKI], [MADANHSACH]) VALUES (N'MBD054', NULL, NULL, NULL, N'MTHEDUC', N'HKII', N'MDS03')
INSERT [dbo].[BANGDIEMMONHOC] ([MABANGDIEM], [DIEM15PHUT], [DIEM1TIET], [DIEMTB], [MAMON], [MAHOCKI], [MADANHSACH]) VALUES (N'MBD055', NULL, NULL, NULL, N'MTOAN', N'HKI', N'MDS04')
INSERT [dbo].[BANGDIEMMONHOC] ([MABANGDIEM], [DIEM15PHUT], [DIEM1TIET], [DIEMTB], [MAMON], [MAHOCKI], [MADANHSACH]) VALUES (N'MBD056', NULL, NULL, NULL, N'MLY', N'HKI', N'MDS04')
INSERT [dbo].[BANGDIEMMONHOC] ([MABANGDIEM], [DIEM15PHUT], [DIEM1TIET], [DIEMTB], [MAMON], [MAHOCKI], [MADANHSACH]) VALUES (N'MBD057', NULL, NULL, NULL, N'MHOA', N'HKI', N'MDS04')
INSERT [dbo].[BANGDIEMMONHOC] ([MABANGDIEM], [DIEM15PHUT], [DIEM1TIET], [DIEMTB], [MAMON], [MAHOCKI], [MADANHSACH]) VALUES (N'MBD058', NULL, NULL, NULL, N'MSINH', N'HKI', N'MDS04')
INSERT [dbo].[BANGDIEMMONHOC] ([MABANGDIEM], [DIEM15PHUT], [DIEM1TIET], [DIEMTB], [MAMON], [MAHOCKI], [MADANHSACH]) VALUES (N'MBD059', NULL, NULL, NULL, N'MSU', N'HKI', N'MDS04')
INSERT [dbo].[BANGDIEMMONHOC] ([MABANGDIEM], [DIEM15PHUT], [DIEM1TIET], [DIEMTB], [MAMON], [MAHOCKI], [MADANHSACH]) VALUES (N'MBD060', NULL, NULL, NULL, N'MDIA', N'HKI', N'MDS04')
INSERT [dbo].[BANGDIEMMONHOC] ([MABANGDIEM], [DIEM15PHUT], [DIEM1TIET], [DIEMTB], [MAMON], [MAHOCKI], [MADANHSACH]) VALUES (N'MBD061', NULL, NULL, NULL, N'MVAN', N'HKI', N'MDS04')
INSERT [dbo].[BANGDIEMMONHOC] ([MABANGDIEM], [DIEM15PHUT], [DIEM1TIET], [DIEMTB], [MAMON], [MAHOCKI], [MADANHSACH]) VALUES (N'MBD062', NULL, NULL, NULL, N'MDAODUC', N'HKI', N'MDS04')
INSERT [dbo].[BANGDIEMMONHOC] ([MABANGDIEM], [DIEM15PHUT], [DIEM1TIET], [DIEMTB], [MAMON], [MAHOCKI], [MADANHSACH]) VALUES (N'MBD063', NULL, NULL, NULL, N'MTHEDUC', N'HKI', N'MDS04')
INSERT [dbo].[BANGDIEMMONHOC] ([MABANGDIEM], [DIEM15PHUT], [DIEM1TIET], [DIEMTB], [MAMON], [MAHOCKI], [MADANHSACH]) VALUES (N'MBD064', NULL, NULL, NULL, N'MTOAN', N'HKII', N'MDS04')
INSERT [dbo].[BANGDIEMMONHOC] ([MABANGDIEM], [DIEM15PHUT], [DIEM1TIET], [DIEMTB], [MAMON], [MAHOCKI], [MADANHSACH]) VALUES (N'MBD065', NULL, NULL, NULL, N'MLY', N'HKII', N'MDS04')
INSERT [dbo].[BANGDIEMMONHOC] ([MABANGDIEM], [DIEM15PHUT], [DIEM1TIET], [DIEMTB], [MAMON], [MAHOCKI], [MADANHSACH]) VALUES (N'MBD066', NULL, NULL, NULL, N'MHOA', N'HKII', N'MDS04')
INSERT [dbo].[BANGDIEMMONHOC] ([MABANGDIEM], [DIEM15PHUT], [DIEM1TIET], [DIEMTB], [MAMON], [MAHOCKI], [MADANHSACH]) VALUES (N'MBD067', NULL, NULL, NULL, N'MSINH', N'HKII', N'MDS04')
INSERT [dbo].[BANGDIEMMONHOC] ([MABANGDIEM], [DIEM15PHUT], [DIEM1TIET], [DIEMTB], [MAMON], [MAHOCKI], [MADANHSACH]) VALUES (N'MBD068', NULL, NULL, NULL, N'MSU', N'HKII', N'MDS04')
INSERT [dbo].[BANGDIEMMONHOC] ([MABANGDIEM], [DIEM15PHUT], [DIEM1TIET], [DIEMTB], [MAMON], [MAHOCKI], [MADANHSACH]) VALUES (N'MBD069', NULL, NULL, NULL, N'MDIA', N'HKII', N'MDS04')
INSERT [dbo].[BANGDIEMMONHOC] ([MABANGDIEM], [DIEM15PHUT], [DIEM1TIET], [DIEMTB], [MAMON], [MAHOCKI], [MADANHSACH]) VALUES (N'MBD070', NULL, NULL, NULL, N'MVAN', N'HKII', N'MDS04')
INSERT [dbo].[BANGDIEMMONHOC] ([MABANGDIEM], [DIEM15PHUT], [DIEM1TIET], [DIEMTB], [MAMON], [MAHOCKI], [MADANHSACH]) VALUES (N'MBD071', NULL, NULL, NULL, N'MDAODUC', N'HKII', N'MDS04')
INSERT [dbo].[BANGDIEMMONHOC] ([MABANGDIEM], [DIEM15PHUT], [DIEM1TIET], [DIEMTB], [MAMON], [MAHOCKI], [MADANHSACH]) VALUES (N'MBD072', NULL, NULL, NULL, N'MTHEDUC', N'HKII', N'MDS04')
INSERT [dbo].[BANGDIEMMONHOC] ([MABANGDIEM], [DIEM15PHUT], [DIEM1TIET], [DIEMTB], [MAMON], [MAHOCKI], [MADANHSACH]) VALUES (N'MBD073', NULL, NULL, NULL, N'MTOAN', N'HKI', N'MDS05')
INSERT [dbo].[BANGDIEMMONHOC] ([MABANGDIEM], [DIEM15PHUT], [DIEM1TIET], [DIEMTB], [MAMON], [MAHOCKI], [MADANHSACH]) VALUES (N'MBD074', NULL, NULL, NULL, N'MLY', N'HKI', N'MDS05')
INSERT [dbo].[BANGDIEMMONHOC] ([MABANGDIEM], [DIEM15PHUT], [DIEM1TIET], [DIEMTB], [MAMON], [MAHOCKI], [MADANHSACH]) VALUES (N'MBD075', NULL, NULL, NULL, N'MHOA', N'HKI', N'MDS05')
INSERT [dbo].[BANGDIEMMONHOC] ([MABANGDIEM], [DIEM15PHUT], [DIEM1TIET], [DIEMTB], [MAMON], [MAHOCKI], [MADANHSACH]) VALUES (N'MBD076', NULL, NULL, NULL, N'MSINH', N'HKI', N'MDS05')
INSERT [dbo].[BANGDIEMMONHOC] ([MABANGDIEM], [DIEM15PHUT], [DIEM1TIET], [DIEMTB], [MAMON], [MAHOCKI], [MADANHSACH]) VALUES (N'MBD077', NULL, NULL, NULL, N'MSU', N'HKI', N'MDS05')
INSERT [dbo].[BANGDIEMMONHOC] ([MABANGDIEM], [DIEM15PHUT], [DIEM1TIET], [DIEMTB], [MAMON], [MAHOCKI], [MADANHSACH]) VALUES (N'MBD078', NULL, NULL, NULL, N'MDIA', N'HKI', N'MDS05')
INSERT [dbo].[BANGDIEMMONHOC] ([MABANGDIEM], [DIEM15PHUT], [DIEM1TIET], [DIEMTB], [MAMON], [MAHOCKI], [MADANHSACH]) VALUES (N'MBD079', NULL, NULL, NULL, N'MVAN', N'HKI', N'MDS05')
INSERT [dbo].[BANGDIEMMONHOC] ([MABANGDIEM], [DIEM15PHUT], [DIEM1TIET], [DIEMTB], [MAMON], [MAHOCKI], [MADANHSACH]) VALUES (N'MBD080', NULL, NULL, NULL, N'MDAODUC', N'HKI', N'MDS05')
INSERT [dbo].[BANGDIEMMONHOC] ([MABANGDIEM], [DIEM15PHUT], [DIEM1TIET], [DIEMTB], [MAMON], [MAHOCKI], [MADANHSACH]) VALUES (N'MBD081', NULL, NULL, NULL, N'MTHEDUC', N'HKI', N'MDS05')
INSERT [dbo].[BANGDIEMMONHOC] ([MABANGDIEM], [DIEM15PHUT], [DIEM1TIET], [DIEMTB], [MAMON], [MAHOCKI], [MADANHSACH]) VALUES (N'MBD082', NULL, NULL, NULL, N'MTOAN', N'HKII', N'MDS05')
INSERT [dbo].[BANGDIEMMONHOC] ([MABANGDIEM], [DIEM15PHUT], [DIEM1TIET], [DIEMTB], [MAMON], [MAHOCKI], [MADANHSACH]) VALUES (N'MBD083', NULL, NULL, NULL, N'MLY', N'HKII', N'MDS05')
INSERT [dbo].[BANGDIEMMONHOC] ([MABANGDIEM], [DIEM15PHUT], [DIEM1TIET], [DIEMTB], [MAMON], [MAHOCKI], [MADANHSACH]) VALUES (N'MBD084', NULL, NULL, NULL, N'MHOA', N'HKII', N'MDS05')
INSERT [dbo].[BANGDIEMMONHOC] ([MABANGDIEM], [DIEM15PHUT], [DIEM1TIET], [DIEMTB], [MAMON], [MAHOCKI], [MADANHSACH]) VALUES (N'MBD085', NULL, NULL, NULL, N'MSINH', N'HKII', N'MDS05')
INSERT [dbo].[BANGDIEMMONHOC] ([MABANGDIEM], [DIEM15PHUT], [DIEM1TIET], [DIEMTB], [MAMON], [MAHOCKI], [MADANHSACH]) VALUES (N'MBD086', NULL, NULL, NULL, N'MSU', N'HKII', N'MDS05')
INSERT [dbo].[BANGDIEMMONHOC] ([MABANGDIEM], [DIEM15PHUT], [DIEM1TIET], [DIEMTB], [MAMON], [MAHOCKI], [MADANHSACH]) VALUES (N'MBD087', NULL, NULL, NULL, N'MDIA', N'HKII', N'MDS05')
INSERT [dbo].[BANGDIEMMONHOC] ([MABANGDIEM], [DIEM15PHUT], [DIEM1TIET], [DIEMTB], [MAMON], [MAHOCKI], [MADANHSACH]) VALUES (N'MBD088', NULL, NULL, NULL, N'MVAN', N'HKII', N'MDS05')
INSERT [dbo].[BANGDIEMMONHOC] ([MABANGDIEM], [DIEM15PHUT], [DIEM1TIET], [DIEMTB], [MAMON], [MAHOCKI], [MADANHSACH]) VALUES (N'MBD089', NULL, NULL, NULL, N'MDAODUC', N'HKII', N'MDS05')
INSERT [dbo].[BANGDIEMMONHOC] ([MABANGDIEM], [DIEM15PHUT], [DIEM1TIET], [DIEMTB], [MAMON], [MAHOCKI], [MADANHSACH]) VALUES (N'MBD090', NULL, NULL, NULL, N'MTHEDUC', N'HKII', N'MDS05')
INSERT [dbo].[BANGDIEMMONHOC] ([MABANGDIEM], [DIEM15PHUT], [DIEM1TIET], [DIEMTB], [MAMON], [MAHOCKI], [MADANHSACH]) VALUES (N'MBD091', NULL, NULL, NULL, N'MTOAN', N'HKI', N'MDS06')
INSERT [dbo].[BANGDIEMMONHOC] ([MABANGDIEM], [DIEM15PHUT], [DIEM1TIET], [DIEMTB], [MAMON], [MAHOCKI], [MADANHSACH]) VALUES (N'MBD092', NULL, NULL, NULL, N'MLY', N'HKI', N'MDS06')
INSERT [dbo].[BANGDIEMMONHOC] ([MABANGDIEM], [DIEM15PHUT], [DIEM1TIET], [DIEMTB], [MAMON], [MAHOCKI], [MADANHSACH]) VALUES (N'MBD093', NULL, NULL, NULL, N'MHOA', N'HKI', N'MDS06')
INSERT [dbo].[BANGDIEMMONHOC] ([MABANGDIEM], [DIEM15PHUT], [DIEM1TIET], [DIEMTB], [MAMON], [MAHOCKI], [MADANHSACH]) VALUES (N'MBD094', NULL, NULL, NULL, N'MSINH', N'HKI', N'MDS06')
INSERT [dbo].[BANGDIEMMONHOC] ([MABANGDIEM], [DIEM15PHUT], [DIEM1TIET], [DIEMTB], [MAMON], [MAHOCKI], [MADANHSACH]) VALUES (N'MBD095', NULL, NULL, NULL, N'MSU', N'HKI', N'MDS06')
INSERT [dbo].[BANGDIEMMONHOC] ([MABANGDIEM], [DIEM15PHUT], [DIEM1TIET], [DIEMTB], [MAMON], [MAHOCKI], [MADANHSACH]) VALUES (N'MBD096', NULL, NULL, NULL, N'MDIA', N'HKI', N'MDS06')
INSERT [dbo].[BANGDIEMMONHOC] ([MABANGDIEM], [DIEM15PHUT], [DIEM1TIET], [DIEMTB], [MAMON], [MAHOCKI], [MADANHSACH]) VALUES (N'MBD097', NULL, NULL, NULL, N'MVAN', N'HKI', N'MDS06')
INSERT [dbo].[BANGDIEMMONHOC] ([MABANGDIEM], [DIEM15PHUT], [DIEM1TIET], [DIEMTB], [MAMON], [MAHOCKI], [MADANHSACH]) VALUES (N'MBD098', NULL, NULL, NULL, N'MDAODUC', N'HKI', N'MDS06')
INSERT [dbo].[BANGDIEMMONHOC] ([MABANGDIEM], [DIEM15PHUT], [DIEM1TIET], [DIEMTB], [MAMON], [MAHOCKI], [MADANHSACH]) VALUES (N'MBD099', NULL, NULL, NULL, N'MTHEDUC', N'HKI', N'MDS06')
INSERT [dbo].[BANGDIEMMONHOC] ([MABANGDIEM], [DIEM15PHUT], [DIEM1TIET], [DIEMTB], [MAMON], [MAHOCKI], [MADANHSACH]) VALUES (N'MBD100', NULL, NULL, NULL, N'MTOAN', N'HKII', N'MDS06')
GO
INSERT [dbo].[BANGDIEMMONHOC] ([MABANGDIEM], [DIEM15PHUT], [DIEM1TIET], [DIEMTB], [MAMON], [MAHOCKI], [MADANHSACH]) VALUES (N'MBD101', NULL, NULL, NULL, N'MLY', N'HKII', N'MDS06')
INSERT [dbo].[BANGDIEMMONHOC] ([MABANGDIEM], [DIEM15PHUT], [DIEM1TIET], [DIEMTB], [MAMON], [MAHOCKI], [MADANHSACH]) VALUES (N'MBD102', NULL, NULL, NULL, N'MHOA', N'HKII', N'MDS06')
INSERT [dbo].[BANGDIEMMONHOC] ([MABANGDIEM], [DIEM15PHUT], [DIEM1TIET], [DIEMTB], [MAMON], [MAHOCKI], [MADANHSACH]) VALUES (N'MBD103', NULL, NULL, NULL, N'MSINH', N'HKII', N'MDS06')
INSERT [dbo].[BANGDIEMMONHOC] ([MABANGDIEM], [DIEM15PHUT], [DIEM1TIET], [DIEMTB], [MAMON], [MAHOCKI], [MADANHSACH]) VALUES (N'MBD104', NULL, NULL, NULL, N'MSU', N'HKII', N'MDS06')
INSERT [dbo].[BANGDIEMMONHOC] ([MABANGDIEM], [DIEM15PHUT], [DIEM1TIET], [DIEMTB], [MAMON], [MAHOCKI], [MADANHSACH]) VALUES (N'MBD105', NULL, NULL, NULL, N'MDIA', N'HKII', N'MDS06')
INSERT [dbo].[BANGDIEMMONHOC] ([MABANGDIEM], [DIEM15PHUT], [DIEM1TIET], [DIEMTB], [MAMON], [MAHOCKI], [MADANHSACH]) VALUES (N'MBD106', NULL, NULL, NULL, N'MVAN', N'HKII', N'MDS06')
INSERT [dbo].[BANGDIEMMONHOC] ([MABANGDIEM], [DIEM15PHUT], [DIEM1TIET], [DIEMTB], [MAMON], [MAHOCKI], [MADANHSACH]) VALUES (N'MBD107', NULL, NULL, NULL, N'MDAODUC', N'HKII', N'MDS06')
INSERT [dbo].[BANGDIEMMONHOC] ([MABANGDIEM], [DIEM15PHUT], [DIEM1TIET], [DIEMTB], [MAMON], [MAHOCKI], [MADANHSACH]) VALUES (N'MBD108', NULL, NULL, NULL, N'MTHEDUC', N'HKII', N'MDS06')
INSERT [dbo].[BANGDIEMMONHOC] ([MABANGDIEM], [DIEM15PHUT], [DIEM1TIET], [DIEMTB], [MAMON], [MAHOCKI], [MADANHSACH]) VALUES (N'MBD109', NULL, NULL, NULL, N'MTOAN', N'HKI', N'MDS07')
INSERT [dbo].[BANGDIEMMONHOC] ([MABANGDIEM], [DIEM15PHUT], [DIEM1TIET], [DIEMTB], [MAMON], [MAHOCKI], [MADANHSACH]) VALUES (N'MBD110', NULL, NULL, NULL, N'MLY', N'HKI', N'MDS07')
INSERT [dbo].[BANGDIEMMONHOC] ([MABANGDIEM], [DIEM15PHUT], [DIEM1TIET], [DIEMTB], [MAMON], [MAHOCKI], [MADANHSACH]) VALUES (N'MBD111', NULL, NULL, NULL, N'MHOA', N'HKI', N'MDS07')
INSERT [dbo].[BANGDIEMMONHOC] ([MABANGDIEM], [DIEM15PHUT], [DIEM1TIET], [DIEMTB], [MAMON], [MAHOCKI], [MADANHSACH]) VALUES (N'MBD112', NULL, NULL, NULL, N'MSINH', N'HKI', N'MDS07')
INSERT [dbo].[BANGDIEMMONHOC] ([MABANGDIEM], [DIEM15PHUT], [DIEM1TIET], [DIEMTB], [MAMON], [MAHOCKI], [MADANHSACH]) VALUES (N'MBD113', NULL, NULL, NULL, N'MSU', N'HKI', N'MDS07')
INSERT [dbo].[BANGDIEMMONHOC] ([MABANGDIEM], [DIEM15PHUT], [DIEM1TIET], [DIEMTB], [MAMON], [MAHOCKI], [MADANHSACH]) VALUES (N'MBD114', NULL, NULL, NULL, N'MDIA', N'HKI', N'MDS07')
INSERT [dbo].[BANGDIEMMONHOC] ([MABANGDIEM], [DIEM15PHUT], [DIEM1TIET], [DIEMTB], [MAMON], [MAHOCKI], [MADANHSACH]) VALUES (N'MBD115', NULL, NULL, NULL, N'MVAN', N'HKI', N'MDS07')
INSERT [dbo].[BANGDIEMMONHOC] ([MABANGDIEM], [DIEM15PHUT], [DIEM1TIET], [DIEMTB], [MAMON], [MAHOCKI], [MADANHSACH]) VALUES (N'MBD116', NULL, NULL, NULL, N'MDAODUC', N'HKI', N'MDS07')
INSERT [dbo].[BANGDIEMMONHOC] ([MABANGDIEM], [DIEM15PHUT], [DIEM1TIET], [DIEMTB], [MAMON], [MAHOCKI], [MADANHSACH]) VALUES (N'MBD117', NULL, NULL, NULL, N'MTHEDUC', N'HKI', N'MDS07')
INSERT [dbo].[BANGDIEMMONHOC] ([MABANGDIEM], [DIEM15PHUT], [DIEM1TIET], [DIEMTB], [MAMON], [MAHOCKI], [MADANHSACH]) VALUES (N'MBD118', NULL, NULL, NULL, N'MTOAN', N'HKII', N'MDS07')
INSERT [dbo].[BANGDIEMMONHOC] ([MABANGDIEM], [DIEM15PHUT], [DIEM1TIET], [DIEMTB], [MAMON], [MAHOCKI], [MADANHSACH]) VALUES (N'MBD119', NULL, NULL, NULL, N'MLY', N'HKII', N'MDS07')
INSERT [dbo].[BANGDIEMMONHOC] ([MABANGDIEM], [DIEM15PHUT], [DIEM1TIET], [DIEMTB], [MAMON], [MAHOCKI], [MADANHSACH]) VALUES (N'MBD120', NULL, NULL, NULL, N'MHOA', N'HKII', N'MDS07')
INSERT [dbo].[BANGDIEMMONHOC] ([MABANGDIEM], [DIEM15PHUT], [DIEM1TIET], [DIEMTB], [MAMON], [MAHOCKI], [MADANHSACH]) VALUES (N'MBD121', NULL, NULL, NULL, N'MSINH', N'HKII', N'MDS07')
INSERT [dbo].[BANGDIEMMONHOC] ([MABANGDIEM], [DIEM15PHUT], [DIEM1TIET], [DIEMTB], [MAMON], [MAHOCKI], [MADANHSACH]) VALUES (N'MBD122', NULL, NULL, NULL, N'MSU', N'HKII', N'MDS07')
INSERT [dbo].[BANGDIEMMONHOC] ([MABANGDIEM], [DIEM15PHUT], [DIEM1TIET], [DIEMTB], [MAMON], [MAHOCKI], [MADANHSACH]) VALUES (N'MBD123', NULL, NULL, NULL, N'MDIA', N'HKII', N'MDS07')
INSERT [dbo].[BANGDIEMMONHOC] ([MABANGDIEM], [DIEM15PHUT], [DIEM1TIET], [DIEMTB], [MAMON], [MAHOCKI], [MADANHSACH]) VALUES (N'MBD124', NULL, NULL, NULL, N'MVAN', N'HKII', N'MDS07')
INSERT [dbo].[BANGDIEMMONHOC] ([MABANGDIEM], [DIEM15PHUT], [DIEM1TIET], [DIEMTB], [MAMON], [MAHOCKI], [MADANHSACH]) VALUES (N'MBD125', NULL, NULL, NULL, N'MDAODUC', N'HKII', N'MDS07')
INSERT [dbo].[BANGDIEMMONHOC] ([MABANGDIEM], [DIEM15PHUT], [DIEM1TIET], [DIEMTB], [MAMON], [MAHOCKI], [MADANHSACH]) VALUES (N'MBD126', NULL, NULL, NULL, N'MTHEDUC', N'HKII', N'MDS07')
INSERT [dbo].[BANGDIEMMONHOC] ([MABANGDIEM], [DIEM15PHUT], [DIEM1TIET], [DIEMTB], [MAMON], [MAHOCKI], [MADANHSACH]) VALUES (N'MBD127', NULL, NULL, NULL, N'MTOAN', N'HKI', N'MDS08')
INSERT [dbo].[BANGDIEMMONHOC] ([MABANGDIEM], [DIEM15PHUT], [DIEM1TIET], [DIEMTB], [MAMON], [MAHOCKI], [MADANHSACH]) VALUES (N'MBD128', NULL, NULL, NULL, N'MLY', N'HKI', N'MDS08')
INSERT [dbo].[BANGDIEMMONHOC] ([MABANGDIEM], [DIEM15PHUT], [DIEM1TIET], [DIEMTB], [MAMON], [MAHOCKI], [MADANHSACH]) VALUES (N'MBD129', NULL, NULL, NULL, N'MHOA', N'HKI', N'MDS08')
INSERT [dbo].[BANGDIEMMONHOC] ([MABANGDIEM], [DIEM15PHUT], [DIEM1TIET], [DIEMTB], [MAMON], [MAHOCKI], [MADANHSACH]) VALUES (N'MBD130', NULL, NULL, NULL, N'MSINH', N'HKI', N'MDS08')
INSERT [dbo].[BANGDIEMMONHOC] ([MABANGDIEM], [DIEM15PHUT], [DIEM1TIET], [DIEMTB], [MAMON], [MAHOCKI], [MADANHSACH]) VALUES (N'MBD131', NULL, NULL, NULL, N'MSU', N'HKI', N'MDS08')
INSERT [dbo].[BANGDIEMMONHOC] ([MABANGDIEM], [DIEM15PHUT], [DIEM1TIET], [DIEMTB], [MAMON], [MAHOCKI], [MADANHSACH]) VALUES (N'MBD132', NULL, NULL, NULL, N'MDIA', N'HKI', N'MDS08')
INSERT [dbo].[BANGDIEMMONHOC] ([MABANGDIEM], [DIEM15PHUT], [DIEM1TIET], [DIEMTB], [MAMON], [MAHOCKI], [MADANHSACH]) VALUES (N'MBD133', NULL, NULL, NULL, N'MVAN', N'HKI', N'MDS08')
INSERT [dbo].[BANGDIEMMONHOC] ([MABANGDIEM], [DIEM15PHUT], [DIEM1TIET], [DIEMTB], [MAMON], [MAHOCKI], [MADANHSACH]) VALUES (N'MBD134', NULL, NULL, NULL, N'MDAODUC', N'HKI', N'MDS08')
INSERT [dbo].[BANGDIEMMONHOC] ([MABANGDIEM], [DIEM15PHUT], [DIEM1TIET], [DIEMTB], [MAMON], [MAHOCKI], [MADANHSACH]) VALUES (N'MBD135', NULL, NULL, NULL, N'MTHEDUC', N'HKI', N'MDS08')
INSERT [dbo].[BANGDIEMMONHOC] ([MABANGDIEM], [DIEM15PHUT], [DIEM1TIET], [DIEMTB], [MAMON], [MAHOCKI], [MADANHSACH]) VALUES (N'MBD136', NULL, NULL, NULL, N'MTOAN', N'HKII', N'MDS08')
INSERT [dbo].[BANGDIEMMONHOC] ([MABANGDIEM], [DIEM15PHUT], [DIEM1TIET], [DIEMTB], [MAMON], [MAHOCKI], [MADANHSACH]) VALUES (N'MBD137', NULL, NULL, NULL, N'MLY', N'HKII', N'MDS08')
INSERT [dbo].[BANGDIEMMONHOC] ([MABANGDIEM], [DIEM15PHUT], [DIEM1TIET], [DIEMTB], [MAMON], [MAHOCKI], [MADANHSACH]) VALUES (N'MBD138', NULL, NULL, NULL, N'MHOA', N'HKII', N'MDS08')
INSERT [dbo].[BANGDIEMMONHOC] ([MABANGDIEM], [DIEM15PHUT], [DIEM1TIET], [DIEMTB], [MAMON], [MAHOCKI], [MADANHSACH]) VALUES (N'MBD139', NULL, NULL, NULL, N'MSINH', N'HKII', N'MDS08')
INSERT [dbo].[BANGDIEMMONHOC] ([MABANGDIEM], [DIEM15PHUT], [DIEM1TIET], [DIEMTB], [MAMON], [MAHOCKI], [MADANHSACH]) VALUES (N'MBD140', NULL, NULL, NULL, N'MSU', N'HKII', N'MDS08')
INSERT [dbo].[BANGDIEMMONHOC] ([MABANGDIEM], [DIEM15PHUT], [DIEM1TIET], [DIEMTB], [MAMON], [MAHOCKI], [MADANHSACH]) VALUES (N'MBD141', NULL, NULL, NULL, N'MDIA', N'HKII', N'MDS08')
INSERT [dbo].[BANGDIEMMONHOC] ([MABANGDIEM], [DIEM15PHUT], [DIEM1TIET], [DIEMTB], [MAMON], [MAHOCKI], [MADANHSACH]) VALUES (N'MBD142', NULL, NULL, NULL, N'MVAN', N'HKII', N'MDS08')
INSERT [dbo].[BANGDIEMMONHOC] ([MABANGDIEM], [DIEM15PHUT], [DIEM1TIET], [DIEMTB], [MAMON], [MAHOCKI], [MADANHSACH]) VALUES (N'MBD143', NULL, NULL, NULL, N'MDAODUC', N'HKII', N'MDS08')
INSERT [dbo].[BANGDIEMMONHOC] ([MABANGDIEM], [DIEM15PHUT], [DIEM1TIET], [DIEMTB], [MAMON], [MAHOCKI], [MADANHSACH]) VALUES (N'MBD144', NULL, NULL, NULL, N'MTHEDUC', N'HKII', N'MDS08')
INSERT [dbo].[BANGDIEMMONHOC] ([MABANGDIEM], [DIEM15PHUT], [DIEM1TIET], [DIEMTB], [MAMON], [MAHOCKI], [MADANHSACH]) VALUES (N'MBD145', NULL, NULL, NULL, N'MTOAN', N'HKI', N'MDS09')
INSERT [dbo].[BANGDIEMMONHOC] ([MABANGDIEM], [DIEM15PHUT], [DIEM1TIET], [DIEMTB], [MAMON], [MAHOCKI], [MADANHSACH]) VALUES (N'MBD146', NULL, NULL, NULL, N'MLY', N'HKI', N'MDS09')
INSERT [dbo].[BANGDIEMMONHOC] ([MABANGDIEM], [DIEM15PHUT], [DIEM1TIET], [DIEMTB], [MAMON], [MAHOCKI], [MADANHSACH]) VALUES (N'MBD147', NULL, NULL, NULL, N'MHOA', N'HKI', N'MDS09')
INSERT [dbo].[BANGDIEMMONHOC] ([MABANGDIEM], [DIEM15PHUT], [DIEM1TIET], [DIEMTB], [MAMON], [MAHOCKI], [MADANHSACH]) VALUES (N'MBD148', NULL, NULL, NULL, N'MSINH', N'HKI', N'MDS09')
INSERT [dbo].[BANGDIEMMONHOC] ([MABANGDIEM], [DIEM15PHUT], [DIEM1TIET], [DIEMTB], [MAMON], [MAHOCKI], [MADANHSACH]) VALUES (N'MBD149', NULL, NULL, NULL, N'MSU', N'HKI', N'MDS09')
INSERT [dbo].[BANGDIEMMONHOC] ([MABANGDIEM], [DIEM15PHUT], [DIEM1TIET], [DIEMTB], [MAMON], [MAHOCKI], [MADANHSACH]) VALUES (N'MBD150', NULL, NULL, NULL, N'MDIA', N'HKI', N'MDS09')
INSERT [dbo].[BANGDIEMMONHOC] ([MABANGDIEM], [DIEM15PHUT], [DIEM1TIET], [DIEMTB], [MAMON], [MAHOCKI], [MADANHSACH]) VALUES (N'MBD151', NULL, NULL, NULL, N'MVAN', N'HKI', N'MDS09')
INSERT [dbo].[BANGDIEMMONHOC] ([MABANGDIEM], [DIEM15PHUT], [DIEM1TIET], [DIEMTB], [MAMON], [MAHOCKI], [MADANHSACH]) VALUES (N'MBD152', NULL, NULL, NULL, N'MDAODUC', N'HKI', N'MDS09')
INSERT [dbo].[BANGDIEMMONHOC] ([MABANGDIEM], [DIEM15PHUT], [DIEM1TIET], [DIEMTB], [MAMON], [MAHOCKI], [MADANHSACH]) VALUES (N'MBD153', NULL, NULL, NULL, N'MTHEDUC', N'HKI', N'MDS09')
INSERT [dbo].[BANGDIEMMONHOC] ([MABANGDIEM], [DIEM15PHUT], [DIEM1TIET], [DIEMTB], [MAMON], [MAHOCKI], [MADANHSACH]) VALUES (N'MBD154', NULL, NULL, NULL, N'MTOAN', N'HKII', N'MDS09')
INSERT [dbo].[BANGDIEMMONHOC] ([MABANGDIEM], [DIEM15PHUT], [DIEM1TIET], [DIEMTB], [MAMON], [MAHOCKI], [MADANHSACH]) VALUES (N'MBD155', NULL, NULL, NULL, N'MLY', N'HKII', N'MDS09')
INSERT [dbo].[BANGDIEMMONHOC] ([MABANGDIEM], [DIEM15PHUT], [DIEM1TIET], [DIEMTB], [MAMON], [MAHOCKI], [MADANHSACH]) VALUES (N'MBD156', NULL, NULL, NULL, N'MHOA', N'HKII', N'MDS09')
INSERT [dbo].[BANGDIEMMONHOC] ([MABANGDIEM], [DIEM15PHUT], [DIEM1TIET], [DIEMTB], [MAMON], [MAHOCKI], [MADANHSACH]) VALUES (N'MBD157', NULL, NULL, NULL, N'MSINH', N'HKII', N'MDS09')
INSERT [dbo].[BANGDIEMMONHOC] ([MABANGDIEM], [DIEM15PHUT], [DIEM1TIET], [DIEMTB], [MAMON], [MAHOCKI], [MADANHSACH]) VALUES (N'MBD158', NULL, NULL, NULL, N'MSU', N'HKII', N'MDS09')
INSERT [dbo].[BANGDIEMMONHOC] ([MABANGDIEM], [DIEM15PHUT], [DIEM1TIET], [DIEMTB], [MAMON], [MAHOCKI], [MADANHSACH]) VALUES (N'MBD159', NULL, NULL, NULL, N'MDIA', N'HKII', N'MDS09')
INSERT [dbo].[BANGDIEMMONHOC] ([MABANGDIEM], [DIEM15PHUT], [DIEM1TIET], [DIEMTB], [MAMON], [MAHOCKI], [MADANHSACH]) VALUES (N'MBD160', NULL, NULL, NULL, N'MVAN', N'HKII', N'MDS09')
INSERT [dbo].[BANGDIEMMONHOC] ([MABANGDIEM], [DIEM15PHUT], [DIEM1TIET], [DIEMTB], [MAMON], [MAHOCKI], [MADANHSACH]) VALUES (N'MBD161', NULL, NULL, NULL, N'MDAODUC', N'HKII', N'MDS09')
INSERT [dbo].[BANGDIEMMONHOC] ([MABANGDIEM], [DIEM15PHUT], [DIEM1TIET], [DIEMTB], [MAMON], [MAHOCKI], [MADANHSACH]) VALUES (N'MBD162', NULL, NULL, NULL, N'MTHEDUC', N'HKII', N'MDS09')
INSERT [dbo].[BANGDIEMMONHOC] ([MABANGDIEM], [DIEM15PHUT], [DIEM1TIET], [DIEMTB], [MAMON], [MAHOCKI], [MADANHSACH]) VALUES (N'MBD163', NULL, NULL, NULL, N'MTOAN', N'HKI', N'MDS10')
INSERT [dbo].[BANGDIEMMONHOC] ([MABANGDIEM], [DIEM15PHUT], [DIEM1TIET], [DIEMTB], [MAMON], [MAHOCKI], [MADANHSACH]) VALUES (N'MBD164', NULL, NULL, NULL, N'MLY', N'HKI', N'MDS10')
INSERT [dbo].[BANGDIEMMONHOC] ([MABANGDIEM], [DIEM15PHUT], [DIEM1TIET], [DIEMTB], [MAMON], [MAHOCKI], [MADANHSACH]) VALUES (N'MBD165', NULL, NULL, NULL, N'MHOA', N'HKI', N'MDS10')
INSERT [dbo].[BANGDIEMMONHOC] ([MABANGDIEM], [DIEM15PHUT], [DIEM1TIET], [DIEMTB], [MAMON], [MAHOCKI], [MADANHSACH]) VALUES (N'MBD166', NULL, NULL, NULL, N'MSINH', N'HKI', N'MDS10')
INSERT [dbo].[BANGDIEMMONHOC] ([MABANGDIEM], [DIEM15PHUT], [DIEM1TIET], [DIEMTB], [MAMON], [MAHOCKI], [MADANHSACH]) VALUES (N'MBD167', NULL, NULL, NULL, N'MSU', N'HKI', N'MDS10')
INSERT [dbo].[BANGDIEMMONHOC] ([MABANGDIEM], [DIEM15PHUT], [DIEM1TIET], [DIEMTB], [MAMON], [MAHOCKI], [MADANHSACH]) VALUES (N'MBD168', NULL, NULL, NULL, N'MDIA', N'HKI', N'MDS10')
INSERT [dbo].[BANGDIEMMONHOC] ([MABANGDIEM], [DIEM15PHUT], [DIEM1TIET], [DIEMTB], [MAMON], [MAHOCKI], [MADANHSACH]) VALUES (N'MBD169', NULL, NULL, NULL, N'MVAN', N'HKI', N'MDS10')
INSERT [dbo].[BANGDIEMMONHOC] ([MABANGDIEM], [DIEM15PHUT], [DIEM1TIET], [DIEMTB], [MAMON], [MAHOCKI], [MADANHSACH]) VALUES (N'MBD170', NULL, NULL, NULL, N'MDAODUC', N'HKI', N'MDS10')
INSERT [dbo].[BANGDIEMMONHOC] ([MABANGDIEM], [DIEM15PHUT], [DIEM1TIET], [DIEMTB], [MAMON], [MAHOCKI], [MADANHSACH]) VALUES (N'MBD171', NULL, NULL, NULL, N'MTHEDUC', N'HKI', N'MDS10')
INSERT [dbo].[BANGDIEMMONHOC] ([MABANGDIEM], [DIEM15PHUT], [DIEM1TIET], [DIEMTB], [MAMON], [MAHOCKI], [MADANHSACH]) VALUES (N'MBD172', NULL, NULL, NULL, N'MTOAN', N'HKII', N'MDS10')
INSERT [dbo].[BANGDIEMMONHOC] ([MABANGDIEM], [DIEM15PHUT], [DIEM1TIET], [DIEMTB], [MAMON], [MAHOCKI], [MADANHSACH]) VALUES (N'MBD173', NULL, NULL, NULL, N'MLY', N'HKII', N'MDS10')
INSERT [dbo].[BANGDIEMMONHOC] ([MABANGDIEM], [DIEM15PHUT], [DIEM1TIET], [DIEMTB], [MAMON], [MAHOCKI], [MADANHSACH]) VALUES (N'MBD174', NULL, NULL, NULL, N'MHOA', N'HKII', N'MDS10')
INSERT [dbo].[BANGDIEMMONHOC] ([MABANGDIEM], [DIEM15PHUT], [DIEM1TIET], [DIEMTB], [MAMON], [MAHOCKI], [MADANHSACH]) VALUES (N'MBD175', NULL, NULL, NULL, N'MSINH', N'HKII', N'MDS10')
INSERT [dbo].[BANGDIEMMONHOC] ([MABANGDIEM], [DIEM15PHUT], [DIEM1TIET], [DIEMTB], [MAMON], [MAHOCKI], [MADANHSACH]) VALUES (N'MBD176', NULL, NULL, NULL, N'MSU', N'HKII', N'MDS10')
INSERT [dbo].[BANGDIEMMONHOC] ([MABANGDIEM], [DIEM15PHUT], [DIEM1TIET], [DIEMTB], [MAMON], [MAHOCKI], [MADANHSACH]) VALUES (N'MBD177', NULL, NULL, NULL, N'MDIA', N'HKII', N'MDS10')
INSERT [dbo].[BANGDIEMMONHOC] ([MABANGDIEM], [DIEM15PHUT], [DIEM1TIET], [DIEMTB], [MAMON], [MAHOCKI], [MADANHSACH]) VALUES (N'MBD178', NULL, NULL, NULL, N'MVAN', N'HKII', N'MDS10')
INSERT [dbo].[BANGDIEMMONHOC] ([MABANGDIEM], [DIEM15PHUT], [DIEM1TIET], [DIEMTB], [MAMON], [MAHOCKI], [MADANHSACH]) VALUES (N'MBD179', NULL, NULL, NULL, N'MDAODUC', N'HKII', N'MDS10')
INSERT [dbo].[BANGDIEMMONHOC] ([MABANGDIEM], [DIEM15PHUT], [DIEM1TIET], [DIEMTB], [MAMON], [MAHOCKI], [MADANHSACH]) VALUES (N'MBD180', NULL, NULL, NULL, N'MTHEDUC', N'HKII', N'MDS10')
INSERT [dbo].[BANGDIEMMONHOC] ([MABANGDIEM], [DIEM15PHUT], [DIEM1TIET], [DIEMTB], [MAMON], [MAHOCKI], [MADANHSACH]) VALUES (N'MBD181', NULL, NULL, NULL, N'MTOAN', N'HKI', N'MDS11')
INSERT [dbo].[BANGDIEMMONHOC] ([MABANGDIEM], [DIEM15PHUT], [DIEM1TIET], [DIEMTB], [MAMON], [MAHOCKI], [MADANHSACH]) VALUES (N'MBD182', NULL, NULL, NULL, N'MLY', N'HKI', N'MDS11')
INSERT [dbo].[BANGDIEMMONHOC] ([MABANGDIEM], [DIEM15PHUT], [DIEM1TIET], [DIEMTB], [MAMON], [MAHOCKI], [MADANHSACH]) VALUES (N'MBD183', NULL, NULL, NULL, N'MHOA', N'HKI', N'MDS11')
INSERT [dbo].[BANGDIEMMONHOC] ([MABANGDIEM], [DIEM15PHUT], [DIEM1TIET], [DIEMTB], [MAMON], [MAHOCKI], [MADANHSACH]) VALUES (N'MBD184', NULL, NULL, NULL, N'MSINH', N'HKI', N'MDS11')
INSERT [dbo].[BANGDIEMMONHOC] ([MABANGDIEM], [DIEM15PHUT], [DIEM1TIET], [DIEMTB], [MAMON], [MAHOCKI], [MADANHSACH]) VALUES (N'MBD185', NULL, NULL, NULL, N'MSU', N'HKI', N'MDS11')
INSERT [dbo].[BANGDIEMMONHOC] ([MABANGDIEM], [DIEM15PHUT], [DIEM1TIET], [DIEMTB], [MAMON], [MAHOCKI], [MADANHSACH]) VALUES (N'MBD186', NULL, NULL, NULL, N'MDIA', N'HKI', N'MDS11')
INSERT [dbo].[BANGDIEMMONHOC] ([MABANGDIEM], [DIEM15PHUT], [DIEM1TIET], [DIEMTB], [MAMON], [MAHOCKI], [MADANHSACH]) VALUES (N'MBD187', NULL, NULL, NULL, N'MVAN', N'HKI', N'MDS11')
INSERT [dbo].[BANGDIEMMONHOC] ([MABANGDIEM], [DIEM15PHUT], [DIEM1TIET], [DIEMTB], [MAMON], [MAHOCKI], [MADANHSACH]) VALUES (N'MBD188', NULL, NULL, NULL, N'MDAODUC', N'HKI', N'MDS11')
INSERT [dbo].[BANGDIEMMONHOC] ([MABANGDIEM], [DIEM15PHUT], [DIEM1TIET], [DIEMTB], [MAMON], [MAHOCKI], [MADANHSACH]) VALUES (N'MBD189', NULL, NULL, NULL, N'MTHEDUC', N'HKI', N'MDS11')
INSERT [dbo].[BANGDIEMMONHOC] ([MABANGDIEM], [DIEM15PHUT], [DIEM1TIET], [DIEMTB], [MAMON], [MAHOCKI], [MADANHSACH]) VALUES (N'MBD190', NULL, NULL, NULL, N'MTOAN', N'HKII', N'MDS11')
INSERT [dbo].[BANGDIEMMONHOC] ([MABANGDIEM], [DIEM15PHUT], [DIEM1TIET], [DIEMTB], [MAMON], [MAHOCKI], [MADANHSACH]) VALUES (N'MBD191', NULL, NULL, NULL, N'MLY', N'HKII', N'MDS11')
INSERT [dbo].[BANGDIEMMONHOC] ([MABANGDIEM], [DIEM15PHUT], [DIEM1TIET], [DIEMTB], [MAMON], [MAHOCKI], [MADANHSACH]) VALUES (N'MBD192', NULL, NULL, NULL, N'MHOA', N'HKII', N'MDS11')
INSERT [dbo].[BANGDIEMMONHOC] ([MABANGDIEM], [DIEM15PHUT], [DIEM1TIET], [DIEMTB], [MAMON], [MAHOCKI], [MADANHSACH]) VALUES (N'MBD193', NULL, NULL, NULL, N'MSINH', N'HKII', N'MDS11')
INSERT [dbo].[BANGDIEMMONHOC] ([MABANGDIEM], [DIEM15PHUT], [DIEM1TIET], [DIEMTB], [MAMON], [MAHOCKI], [MADANHSACH]) VALUES (N'MBD194', NULL, NULL, NULL, N'MSU', N'HKII', N'MDS11')
INSERT [dbo].[BANGDIEMMONHOC] ([MABANGDIEM], [DIEM15PHUT], [DIEM1TIET], [DIEMTB], [MAMON], [MAHOCKI], [MADANHSACH]) VALUES (N'MBD195', NULL, NULL, NULL, N'MDIA', N'HKII', N'MDS11')
INSERT [dbo].[BANGDIEMMONHOC] ([MABANGDIEM], [DIEM15PHUT], [DIEM1TIET], [DIEMTB], [MAMON], [MAHOCKI], [MADANHSACH]) VALUES (N'MBD196', NULL, NULL, NULL, N'MVAN', N'HKII', N'MDS11')
INSERT [dbo].[BANGDIEMMONHOC] ([MABANGDIEM], [DIEM15PHUT], [DIEM1TIET], [DIEMTB], [MAMON], [MAHOCKI], [MADANHSACH]) VALUES (N'MBD197', NULL, NULL, NULL, N'MDAODUC', N'HKII', N'MDS11')
INSERT [dbo].[BANGDIEMMONHOC] ([MABANGDIEM], [DIEM15PHUT], [DIEM1TIET], [DIEMTB], [MAMON], [MAHOCKI], [MADANHSACH]) VALUES (N'MBD198', NULL, NULL, NULL, N'MTHEDUC', N'HKII', N'MDS11')
INSERT [dbo].[BANGDIEMMONHOC] ([MABANGDIEM], [DIEM15PHUT], [DIEM1TIET], [DIEMTB], [MAMON], [MAHOCKI], [MADANHSACH]) VALUES (N'MBD199', NULL, NULL, NULL, N'MTOAN', N'HKI', N'MDS12')
INSERT [dbo].[BANGDIEMMONHOC] ([MABANGDIEM], [DIEM15PHUT], [DIEM1TIET], [DIEMTB], [MAMON], [MAHOCKI], [MADANHSACH]) VALUES (N'MBD200', NULL, NULL, NULL, N'MLY', N'HKI', N'MDS12')
GO
INSERT [dbo].[BANGDIEMMONHOC] ([MABANGDIEM], [DIEM15PHUT], [DIEM1TIET], [DIEMTB], [MAMON], [MAHOCKI], [MADANHSACH]) VALUES (N'MBD201', NULL, NULL, NULL, N'MHOA', N'HKI', N'MDS12')
INSERT [dbo].[BANGDIEMMONHOC] ([MABANGDIEM], [DIEM15PHUT], [DIEM1TIET], [DIEMTB], [MAMON], [MAHOCKI], [MADANHSACH]) VALUES (N'MBD202', NULL, NULL, NULL, N'MSINH', N'HKI', N'MDS12')
INSERT [dbo].[BANGDIEMMONHOC] ([MABANGDIEM], [DIEM15PHUT], [DIEM1TIET], [DIEMTB], [MAMON], [MAHOCKI], [MADANHSACH]) VALUES (N'MBD203', NULL, NULL, NULL, N'MSU', N'HKI', N'MDS12')
INSERT [dbo].[BANGDIEMMONHOC] ([MABANGDIEM], [DIEM15PHUT], [DIEM1TIET], [DIEMTB], [MAMON], [MAHOCKI], [MADANHSACH]) VALUES (N'MBD204', NULL, NULL, NULL, N'MDIA', N'HKI', N'MDS12')
INSERT [dbo].[BANGDIEMMONHOC] ([MABANGDIEM], [DIEM15PHUT], [DIEM1TIET], [DIEMTB], [MAMON], [MAHOCKI], [MADANHSACH]) VALUES (N'MBD205', NULL, NULL, NULL, N'MVAN', N'HKI', N'MDS12')
INSERT [dbo].[BANGDIEMMONHOC] ([MABANGDIEM], [DIEM15PHUT], [DIEM1TIET], [DIEMTB], [MAMON], [MAHOCKI], [MADANHSACH]) VALUES (N'MBD206', NULL, NULL, NULL, N'MDAODUC', N'HKI', N'MDS12')
INSERT [dbo].[BANGDIEMMONHOC] ([MABANGDIEM], [DIEM15PHUT], [DIEM1TIET], [DIEMTB], [MAMON], [MAHOCKI], [MADANHSACH]) VALUES (N'MBD207', NULL, NULL, NULL, N'MTHEDUC', N'HKI', N'MDS12')
INSERT [dbo].[BANGDIEMMONHOC] ([MABANGDIEM], [DIEM15PHUT], [DIEM1TIET], [DIEMTB], [MAMON], [MAHOCKI], [MADANHSACH]) VALUES (N'MBD208', NULL, NULL, NULL, N'MTOAN', N'HKII', N'MDS12')
INSERT [dbo].[BANGDIEMMONHOC] ([MABANGDIEM], [DIEM15PHUT], [DIEM1TIET], [DIEMTB], [MAMON], [MAHOCKI], [MADANHSACH]) VALUES (N'MBD209', NULL, NULL, NULL, N'MLY', N'HKII', N'MDS12')
INSERT [dbo].[BANGDIEMMONHOC] ([MABANGDIEM], [DIEM15PHUT], [DIEM1TIET], [DIEMTB], [MAMON], [MAHOCKI], [MADANHSACH]) VALUES (N'MBD210', NULL, NULL, NULL, N'MHOA', N'HKII', N'MDS12')
INSERT [dbo].[BANGDIEMMONHOC] ([MABANGDIEM], [DIEM15PHUT], [DIEM1TIET], [DIEMTB], [MAMON], [MAHOCKI], [MADANHSACH]) VALUES (N'MBD211', NULL, NULL, NULL, N'MSINH', N'HKII', N'MDS12')
INSERT [dbo].[BANGDIEMMONHOC] ([MABANGDIEM], [DIEM15PHUT], [DIEM1TIET], [DIEMTB], [MAMON], [MAHOCKI], [MADANHSACH]) VALUES (N'MBD212', NULL, NULL, NULL, N'MSU', N'HKII', N'MDS12')
INSERT [dbo].[BANGDIEMMONHOC] ([MABANGDIEM], [DIEM15PHUT], [DIEM1TIET], [DIEMTB], [MAMON], [MAHOCKI], [MADANHSACH]) VALUES (N'MBD213', NULL, NULL, NULL, N'MDIA', N'HKII', N'MDS12')
INSERT [dbo].[BANGDIEMMONHOC] ([MABANGDIEM], [DIEM15PHUT], [DIEM1TIET], [DIEMTB], [MAMON], [MAHOCKI], [MADANHSACH]) VALUES (N'MBD214', NULL, NULL, NULL, N'MVAN', N'HKII', N'MDS12')
INSERT [dbo].[BANGDIEMMONHOC] ([MABANGDIEM], [DIEM15PHUT], [DIEM1TIET], [DIEMTB], [MAMON], [MAHOCKI], [MADANHSACH]) VALUES (N'MBD215', NULL, NULL, NULL, N'MDAODUC', N'HKII', N'MDS12')
INSERT [dbo].[BANGDIEMMONHOC] ([MABANGDIEM], [DIEM15PHUT], [DIEM1TIET], [DIEMTB], [MAMON], [MAHOCKI], [MADANHSACH]) VALUES (N'MBD216', NULL, NULL, NULL, N'MTHEDUC', N'HKII', N'MDS12')
INSERT [dbo].[BANGDIEMMONHOC] ([MABANGDIEM], [DIEM15PHUT], [DIEM1TIET], [DIEMTB], [MAMON], [MAHOCKI], [MADANHSACH]) VALUES (N'MBD217', NULL, NULL, NULL, N'MTOAN', N'HKI', N'MDS13')
INSERT [dbo].[BANGDIEMMONHOC] ([MABANGDIEM], [DIEM15PHUT], [DIEM1TIET], [DIEMTB], [MAMON], [MAHOCKI], [MADANHSACH]) VALUES (N'MBD218', NULL, NULL, NULL, N'MLY', N'HKI', N'MDS13')
INSERT [dbo].[BANGDIEMMONHOC] ([MABANGDIEM], [DIEM15PHUT], [DIEM1TIET], [DIEMTB], [MAMON], [MAHOCKI], [MADANHSACH]) VALUES (N'MBD219', NULL, NULL, NULL, N'MHOA', N'HKI', N'MDS13')
INSERT [dbo].[BANGDIEMMONHOC] ([MABANGDIEM], [DIEM15PHUT], [DIEM1TIET], [DIEMTB], [MAMON], [MAHOCKI], [MADANHSACH]) VALUES (N'MBD220', NULL, NULL, NULL, N'MSINH', N'HKI', N'MDS13')
INSERT [dbo].[BANGDIEMMONHOC] ([MABANGDIEM], [DIEM15PHUT], [DIEM1TIET], [DIEMTB], [MAMON], [MAHOCKI], [MADANHSACH]) VALUES (N'MBD221', NULL, NULL, NULL, N'MSU', N'HKI', N'MDS13')
INSERT [dbo].[BANGDIEMMONHOC] ([MABANGDIEM], [DIEM15PHUT], [DIEM1TIET], [DIEMTB], [MAMON], [MAHOCKI], [MADANHSACH]) VALUES (N'MBD222', NULL, NULL, NULL, N'MDIA', N'HKI', N'MDS13')
INSERT [dbo].[BANGDIEMMONHOC] ([MABANGDIEM], [DIEM15PHUT], [DIEM1TIET], [DIEMTB], [MAMON], [MAHOCKI], [MADANHSACH]) VALUES (N'MBD223', NULL, NULL, NULL, N'MVAN', N'HKI', N'MDS13')
INSERT [dbo].[BANGDIEMMONHOC] ([MABANGDIEM], [DIEM15PHUT], [DIEM1TIET], [DIEMTB], [MAMON], [MAHOCKI], [MADANHSACH]) VALUES (N'MBD224', NULL, NULL, NULL, N'MDAODUC', N'HKI', N'MDS13')
INSERT [dbo].[BANGDIEMMONHOC] ([MABANGDIEM], [DIEM15PHUT], [DIEM1TIET], [DIEMTB], [MAMON], [MAHOCKI], [MADANHSACH]) VALUES (N'MBD225', NULL, NULL, NULL, N'MTHEDUC', N'HKI', N'MDS13')
INSERT [dbo].[BANGDIEMMONHOC] ([MABANGDIEM], [DIEM15PHUT], [DIEM1TIET], [DIEMTB], [MAMON], [MAHOCKI], [MADANHSACH]) VALUES (N'MBD226', NULL, NULL, NULL, N'MTOAN', N'HKII', N'MDS13')
INSERT [dbo].[BANGDIEMMONHOC] ([MABANGDIEM], [DIEM15PHUT], [DIEM1TIET], [DIEMTB], [MAMON], [MAHOCKI], [MADANHSACH]) VALUES (N'MBD227', NULL, NULL, NULL, N'MLY', N'HKII', N'MDS13')
INSERT [dbo].[BANGDIEMMONHOC] ([MABANGDIEM], [DIEM15PHUT], [DIEM1TIET], [DIEMTB], [MAMON], [MAHOCKI], [MADANHSACH]) VALUES (N'MBD228', NULL, NULL, NULL, N'MHOA', N'HKII', N'MDS13')
INSERT [dbo].[BANGDIEMMONHOC] ([MABANGDIEM], [DIEM15PHUT], [DIEM1TIET], [DIEMTB], [MAMON], [MAHOCKI], [MADANHSACH]) VALUES (N'MBD229', NULL, NULL, NULL, N'MSINH', N'HKII', N'MDS13')
INSERT [dbo].[BANGDIEMMONHOC] ([MABANGDIEM], [DIEM15PHUT], [DIEM1TIET], [DIEMTB], [MAMON], [MAHOCKI], [MADANHSACH]) VALUES (N'MBD230', NULL, NULL, NULL, N'MSU', N'HKII', N'MDS13')
INSERT [dbo].[BANGDIEMMONHOC] ([MABANGDIEM], [DIEM15PHUT], [DIEM1TIET], [DIEMTB], [MAMON], [MAHOCKI], [MADANHSACH]) VALUES (N'MBD231', NULL, NULL, NULL, N'MDIA', N'HKII', N'MDS13')
INSERT [dbo].[BANGDIEMMONHOC] ([MABANGDIEM], [DIEM15PHUT], [DIEM1TIET], [DIEMTB], [MAMON], [MAHOCKI], [MADANHSACH]) VALUES (N'MBD232', NULL, NULL, NULL, N'MVAN', N'HKII', N'MDS13')
INSERT [dbo].[BANGDIEMMONHOC] ([MABANGDIEM], [DIEM15PHUT], [DIEM1TIET], [DIEMTB], [MAMON], [MAHOCKI], [MADANHSACH]) VALUES (N'MBD233', NULL, NULL, NULL, N'MDAODUC', N'HKII', N'MDS13')
INSERT [dbo].[BANGDIEMMONHOC] ([MABANGDIEM], [DIEM15PHUT], [DIEM1TIET], [DIEMTB], [MAMON], [MAHOCKI], [MADANHSACH]) VALUES (N'MBD234', NULL, NULL, NULL, N'MTHEDUC', N'HKII', N'MDS13')
INSERT [dbo].[BANGDIEMMONHOC] ([MABANGDIEM], [DIEM15PHUT], [DIEM1TIET], [DIEMTB], [MAMON], [MAHOCKI], [MADANHSACH]) VALUES (N'MBD235', NULL, NULL, NULL, N'MTOAN', N'HKI', N'MDS14')
INSERT [dbo].[BANGDIEMMONHOC] ([MABANGDIEM], [DIEM15PHUT], [DIEM1TIET], [DIEMTB], [MAMON], [MAHOCKI], [MADANHSACH]) VALUES (N'MBD236', NULL, NULL, NULL, N'MLY', N'HKI', N'MDS14')
INSERT [dbo].[BANGDIEMMONHOC] ([MABANGDIEM], [DIEM15PHUT], [DIEM1TIET], [DIEMTB], [MAMON], [MAHOCKI], [MADANHSACH]) VALUES (N'MBD237', NULL, NULL, NULL, N'MHOA', N'HKI', N'MDS14')
INSERT [dbo].[BANGDIEMMONHOC] ([MABANGDIEM], [DIEM15PHUT], [DIEM1TIET], [DIEMTB], [MAMON], [MAHOCKI], [MADANHSACH]) VALUES (N'MBD238', NULL, NULL, NULL, N'MSINH', N'HKI', N'MDS14')
INSERT [dbo].[BANGDIEMMONHOC] ([MABANGDIEM], [DIEM15PHUT], [DIEM1TIET], [DIEMTB], [MAMON], [MAHOCKI], [MADANHSACH]) VALUES (N'MBD239', NULL, NULL, NULL, N'MSU', N'HKI', N'MDS14')
INSERT [dbo].[BANGDIEMMONHOC] ([MABANGDIEM], [DIEM15PHUT], [DIEM1TIET], [DIEMTB], [MAMON], [MAHOCKI], [MADANHSACH]) VALUES (N'MBD240', NULL, NULL, NULL, N'MDIA', N'HKI', N'MDS14')
INSERT [dbo].[BANGDIEMMONHOC] ([MABANGDIEM], [DIEM15PHUT], [DIEM1TIET], [DIEMTB], [MAMON], [MAHOCKI], [MADANHSACH]) VALUES (N'MBD241', NULL, NULL, NULL, N'MVAN', N'HKI', N'MDS14')
INSERT [dbo].[BANGDIEMMONHOC] ([MABANGDIEM], [DIEM15PHUT], [DIEM1TIET], [DIEMTB], [MAMON], [MAHOCKI], [MADANHSACH]) VALUES (N'MBD242', NULL, NULL, NULL, N'MDAODUC', N'HKI', N'MDS14')
INSERT [dbo].[BANGDIEMMONHOC] ([MABANGDIEM], [DIEM15PHUT], [DIEM1TIET], [DIEMTB], [MAMON], [MAHOCKI], [MADANHSACH]) VALUES (N'MBD243', NULL, NULL, NULL, N'MTHEDUC', N'HKI', N'MDS14')
INSERT [dbo].[BANGDIEMMONHOC] ([MABANGDIEM], [DIEM15PHUT], [DIEM1TIET], [DIEMTB], [MAMON], [MAHOCKI], [MADANHSACH]) VALUES (N'MBD244', NULL, NULL, NULL, N'MTOAN', N'HKII', N'MDS14')
INSERT [dbo].[BANGDIEMMONHOC] ([MABANGDIEM], [DIEM15PHUT], [DIEM1TIET], [DIEMTB], [MAMON], [MAHOCKI], [MADANHSACH]) VALUES (N'MBD245', NULL, NULL, NULL, N'MLY', N'HKII', N'MDS14')
INSERT [dbo].[BANGDIEMMONHOC] ([MABANGDIEM], [DIEM15PHUT], [DIEM1TIET], [DIEMTB], [MAMON], [MAHOCKI], [MADANHSACH]) VALUES (N'MBD246', NULL, NULL, NULL, N'MHOA', N'HKII', N'MDS14')
INSERT [dbo].[BANGDIEMMONHOC] ([MABANGDIEM], [DIEM15PHUT], [DIEM1TIET], [DIEMTB], [MAMON], [MAHOCKI], [MADANHSACH]) VALUES (N'MBD247', NULL, NULL, NULL, N'MSINH', N'HKII', N'MDS14')
INSERT [dbo].[BANGDIEMMONHOC] ([MABANGDIEM], [DIEM15PHUT], [DIEM1TIET], [DIEMTB], [MAMON], [MAHOCKI], [MADANHSACH]) VALUES (N'MBD248', NULL, NULL, NULL, N'MSU', N'HKII', N'MDS14')
INSERT [dbo].[BANGDIEMMONHOC] ([MABANGDIEM], [DIEM15PHUT], [DIEM1TIET], [DIEMTB], [MAMON], [MAHOCKI], [MADANHSACH]) VALUES (N'MBD249', NULL, NULL, NULL, N'MDIA', N'HKII', N'MDS14')
INSERT [dbo].[BANGDIEMMONHOC] ([MABANGDIEM], [DIEM15PHUT], [DIEM1TIET], [DIEMTB], [MAMON], [MAHOCKI], [MADANHSACH]) VALUES (N'MBD250', NULL, NULL, NULL, N'MVAN', N'HKII', N'MDS14')
INSERT [dbo].[BANGDIEMMONHOC] ([MABANGDIEM], [DIEM15PHUT], [DIEM1TIET], [DIEMTB], [MAMON], [MAHOCKI], [MADANHSACH]) VALUES (N'MBD251', NULL, NULL, NULL, N'MDAODUC', N'HKII', N'MDS14')
INSERT [dbo].[BANGDIEMMONHOC] ([MABANGDIEM], [DIEM15PHUT], [DIEM1TIET], [DIEMTB], [MAMON], [MAHOCKI], [MADANHSACH]) VALUES (N'MBD252', NULL, NULL, NULL, N'MTHEDUC', N'HKII', N'MDS14')
INSERT [dbo].[BANGDIEMMONHOC] ([MABANGDIEM], [DIEM15PHUT], [DIEM1TIET], [DIEMTB], [MAMON], [MAHOCKI], [MADANHSACH]) VALUES (N'MBD253', NULL, NULL, NULL, N'MTOAN', N'HKI', N'MDS15')
INSERT [dbo].[BANGDIEMMONHOC] ([MABANGDIEM], [DIEM15PHUT], [DIEM1TIET], [DIEMTB], [MAMON], [MAHOCKI], [MADANHSACH]) VALUES (N'MBD254', NULL, NULL, NULL, N'MLY', N'HKI', N'MDS15')
INSERT [dbo].[BANGDIEMMONHOC] ([MABANGDIEM], [DIEM15PHUT], [DIEM1TIET], [DIEMTB], [MAMON], [MAHOCKI], [MADANHSACH]) VALUES (N'MBD255', NULL, NULL, NULL, N'MHOA', N'HKI', N'MDS15')
INSERT [dbo].[BANGDIEMMONHOC] ([MABANGDIEM], [DIEM15PHUT], [DIEM1TIET], [DIEMTB], [MAMON], [MAHOCKI], [MADANHSACH]) VALUES (N'MBD256', NULL, NULL, NULL, N'MSINH', N'HKI', N'MDS15')
INSERT [dbo].[BANGDIEMMONHOC] ([MABANGDIEM], [DIEM15PHUT], [DIEM1TIET], [DIEMTB], [MAMON], [MAHOCKI], [MADANHSACH]) VALUES (N'MBD257', NULL, NULL, NULL, N'MSU', N'HKI', N'MDS15')
INSERT [dbo].[BANGDIEMMONHOC] ([MABANGDIEM], [DIEM15PHUT], [DIEM1TIET], [DIEMTB], [MAMON], [MAHOCKI], [MADANHSACH]) VALUES (N'MBD258', NULL, NULL, NULL, N'MDIA', N'HKI', N'MDS15')
INSERT [dbo].[BANGDIEMMONHOC] ([MABANGDIEM], [DIEM15PHUT], [DIEM1TIET], [DIEMTB], [MAMON], [MAHOCKI], [MADANHSACH]) VALUES (N'MBD259', NULL, NULL, NULL, N'MVAN', N'HKI', N'MDS15')
INSERT [dbo].[BANGDIEMMONHOC] ([MABANGDIEM], [DIEM15PHUT], [DIEM1TIET], [DIEMTB], [MAMON], [MAHOCKI], [MADANHSACH]) VALUES (N'MBD260', NULL, NULL, NULL, N'MDAODUC', N'HKI', N'MDS15')
INSERT [dbo].[BANGDIEMMONHOC] ([MABANGDIEM], [DIEM15PHUT], [DIEM1TIET], [DIEMTB], [MAMON], [MAHOCKI], [MADANHSACH]) VALUES (N'MBD261', NULL, NULL, NULL, N'MTHEDUC', N'HKI', N'MDS15')
INSERT [dbo].[BANGDIEMMONHOC] ([MABANGDIEM], [DIEM15PHUT], [DIEM1TIET], [DIEMTB], [MAMON], [MAHOCKI], [MADANHSACH]) VALUES (N'MBD262', NULL, NULL, NULL, N'MTOAN', N'HKII', N'MDS15')
INSERT [dbo].[BANGDIEMMONHOC] ([MABANGDIEM], [DIEM15PHUT], [DIEM1TIET], [DIEMTB], [MAMON], [MAHOCKI], [MADANHSACH]) VALUES (N'MBD263', NULL, NULL, NULL, N'MLY', N'HKII', N'MDS15')
INSERT [dbo].[BANGDIEMMONHOC] ([MABANGDIEM], [DIEM15PHUT], [DIEM1TIET], [DIEMTB], [MAMON], [MAHOCKI], [MADANHSACH]) VALUES (N'MBD264', NULL, NULL, NULL, N'MHOA', N'HKII', N'MDS15')
INSERT [dbo].[BANGDIEMMONHOC] ([MABANGDIEM], [DIEM15PHUT], [DIEM1TIET], [DIEMTB], [MAMON], [MAHOCKI], [MADANHSACH]) VALUES (N'MBD265', NULL, NULL, NULL, N'MSINH', N'HKII', N'MDS15')
INSERT [dbo].[BANGDIEMMONHOC] ([MABANGDIEM], [DIEM15PHUT], [DIEM1TIET], [DIEMTB], [MAMON], [MAHOCKI], [MADANHSACH]) VALUES (N'MBD266', NULL, NULL, NULL, N'MSU', N'HKII', N'MDS15')
INSERT [dbo].[BANGDIEMMONHOC] ([MABANGDIEM], [DIEM15PHUT], [DIEM1TIET], [DIEMTB], [MAMON], [MAHOCKI], [MADANHSACH]) VALUES (N'MBD267', NULL, NULL, NULL, N'MDIA', N'HKII', N'MDS15')
INSERT [dbo].[BANGDIEMMONHOC] ([MABANGDIEM], [DIEM15PHUT], [DIEM1TIET], [DIEMTB], [MAMON], [MAHOCKI], [MADANHSACH]) VALUES (N'MBD268', NULL, NULL, NULL, N'MVAN', N'HKII', N'MDS15')
INSERT [dbo].[BANGDIEMMONHOC] ([MABANGDIEM], [DIEM15PHUT], [DIEM1TIET], [DIEMTB], [MAMON], [MAHOCKI], [MADANHSACH]) VALUES (N'MBD269', NULL, NULL, NULL, N'MDAODUC', N'HKII', N'MDS15')
INSERT [dbo].[BANGDIEMMONHOC] ([MABANGDIEM], [DIEM15PHUT], [DIEM1TIET], [DIEMTB], [MAMON], [MAHOCKI], [MADANHSACH]) VALUES (N'MBD270', NULL, NULL, NULL, N'MTHEDUC', N'HKII', N'MDS15')
INSERT [dbo].[BANGDIEMMONHOC] ([MABANGDIEM], [DIEM15PHUT], [DIEM1TIET], [DIEMTB], [MAMON], [MAHOCKI], [MADANHSACH]) VALUES (N'MBD271', NULL, NULL, NULL, N'MTOAN', N'HKI', N'MDS16')
INSERT [dbo].[BANGDIEMMONHOC] ([MABANGDIEM], [DIEM15PHUT], [DIEM1TIET], [DIEMTB], [MAMON], [MAHOCKI], [MADANHSACH]) VALUES (N'MBD272', NULL, NULL, NULL, N'MLY', N'HKI', N'MDS16')
INSERT [dbo].[BANGDIEMMONHOC] ([MABANGDIEM], [DIEM15PHUT], [DIEM1TIET], [DIEMTB], [MAMON], [MAHOCKI], [MADANHSACH]) VALUES (N'MBD273', NULL, NULL, NULL, N'MHOA', N'HKI', N'MDS16')
INSERT [dbo].[BANGDIEMMONHOC] ([MABANGDIEM], [DIEM15PHUT], [DIEM1TIET], [DIEMTB], [MAMON], [MAHOCKI], [MADANHSACH]) VALUES (N'MBD274', NULL, NULL, NULL, N'MSINH', N'HKI', N'MDS16')
INSERT [dbo].[BANGDIEMMONHOC] ([MABANGDIEM], [DIEM15PHUT], [DIEM1TIET], [DIEMTB], [MAMON], [MAHOCKI], [MADANHSACH]) VALUES (N'MBD275', NULL, NULL, NULL, N'MSU', N'HKI', N'MDS16')
INSERT [dbo].[BANGDIEMMONHOC] ([MABANGDIEM], [DIEM15PHUT], [DIEM1TIET], [DIEMTB], [MAMON], [MAHOCKI], [MADANHSACH]) VALUES (N'MBD276', NULL, NULL, NULL, N'MDIA', N'HKI', N'MDS16')
INSERT [dbo].[BANGDIEMMONHOC] ([MABANGDIEM], [DIEM15PHUT], [DIEM1TIET], [DIEMTB], [MAMON], [MAHOCKI], [MADANHSACH]) VALUES (N'MBD277', NULL, NULL, NULL, N'MVAN', N'HKI', N'MDS16')
INSERT [dbo].[BANGDIEMMONHOC] ([MABANGDIEM], [DIEM15PHUT], [DIEM1TIET], [DIEMTB], [MAMON], [MAHOCKI], [MADANHSACH]) VALUES (N'MBD278', NULL, NULL, NULL, N'MDAODUC', N'HKI', N'MDS16')
INSERT [dbo].[BANGDIEMMONHOC] ([MABANGDIEM], [DIEM15PHUT], [DIEM1TIET], [DIEMTB], [MAMON], [MAHOCKI], [MADANHSACH]) VALUES (N'MBD279', NULL, NULL, NULL, N'MTHEDUC', N'HKI', N'MDS16')
INSERT [dbo].[BANGDIEMMONHOC] ([MABANGDIEM], [DIEM15PHUT], [DIEM1TIET], [DIEMTB], [MAMON], [MAHOCKI], [MADANHSACH]) VALUES (N'MBD280', NULL, NULL, NULL, N'MTOAN', N'HKII', N'MDS16')
INSERT [dbo].[BANGDIEMMONHOC] ([MABANGDIEM], [DIEM15PHUT], [DIEM1TIET], [DIEMTB], [MAMON], [MAHOCKI], [MADANHSACH]) VALUES (N'MBD281', NULL, NULL, NULL, N'MLY', N'HKII', N'MDS16')
INSERT [dbo].[BANGDIEMMONHOC] ([MABANGDIEM], [DIEM15PHUT], [DIEM1TIET], [DIEMTB], [MAMON], [MAHOCKI], [MADANHSACH]) VALUES (N'MBD282', NULL, NULL, NULL, N'MHOA', N'HKII', N'MDS16')
INSERT [dbo].[BANGDIEMMONHOC] ([MABANGDIEM], [DIEM15PHUT], [DIEM1TIET], [DIEMTB], [MAMON], [MAHOCKI], [MADANHSACH]) VALUES (N'MBD283', NULL, NULL, NULL, N'MSINH', N'HKII', N'MDS16')
INSERT [dbo].[BANGDIEMMONHOC] ([MABANGDIEM], [DIEM15PHUT], [DIEM1TIET], [DIEMTB], [MAMON], [MAHOCKI], [MADANHSACH]) VALUES (N'MBD284', NULL, NULL, NULL, N'MSU', N'HKII', N'MDS16')
INSERT [dbo].[BANGDIEMMONHOC] ([MABANGDIEM], [DIEM15PHUT], [DIEM1TIET], [DIEMTB], [MAMON], [MAHOCKI], [MADANHSACH]) VALUES (N'MBD285', NULL, NULL, NULL, N'MDIA', N'HKII', N'MDS16')
INSERT [dbo].[BANGDIEMMONHOC] ([MABANGDIEM], [DIEM15PHUT], [DIEM1TIET], [DIEMTB], [MAMON], [MAHOCKI], [MADANHSACH]) VALUES (N'MBD286', NULL, NULL, NULL, N'MVAN', N'HKII', N'MDS16')
INSERT [dbo].[BANGDIEMMONHOC] ([MABANGDIEM], [DIEM15PHUT], [DIEM1TIET], [DIEMTB], [MAMON], [MAHOCKI], [MADANHSACH]) VALUES (N'MBD287', NULL, NULL, NULL, N'MDAODUC', N'HKII', N'MDS16')
INSERT [dbo].[BANGDIEMMONHOC] ([MABANGDIEM], [DIEM15PHUT], [DIEM1TIET], [DIEMTB], [MAMON], [MAHOCKI], [MADANHSACH]) VALUES (N'MBD288', NULL, NULL, NULL, N'MTHEDUC', N'HKII', N'MDS16')
INSERT [dbo].[BANGDIEMMONHOC] ([MABANGDIEM], [DIEM15PHUT], [DIEM1TIET], [DIEMTB], [MAMON], [MAHOCKI], [MADANHSACH]) VALUES (N'MBD289', NULL, NULL, NULL, N'MTOAN', N'HKI', N'MDS17')
INSERT [dbo].[BANGDIEMMONHOC] ([MABANGDIEM], [DIEM15PHUT], [DIEM1TIET], [DIEMTB], [MAMON], [MAHOCKI], [MADANHSACH]) VALUES (N'MBD290', NULL, NULL, NULL, N'MLY', N'HKI', N'MDS17')
INSERT [dbo].[BANGDIEMMONHOC] ([MABANGDIEM], [DIEM15PHUT], [DIEM1TIET], [DIEMTB], [MAMON], [MAHOCKI], [MADANHSACH]) VALUES (N'MBD291', NULL, NULL, NULL, N'MHOA', N'HKI', N'MDS17')
INSERT [dbo].[BANGDIEMMONHOC] ([MABANGDIEM], [DIEM15PHUT], [DIEM1TIET], [DIEMTB], [MAMON], [MAHOCKI], [MADANHSACH]) VALUES (N'MBD292', NULL, NULL, NULL, N'MSINH', N'HKI', N'MDS17')
INSERT [dbo].[BANGDIEMMONHOC] ([MABANGDIEM], [DIEM15PHUT], [DIEM1TIET], [DIEMTB], [MAMON], [MAHOCKI], [MADANHSACH]) VALUES (N'MBD293', NULL, NULL, NULL, N'MSU', N'HKI', N'MDS17')
INSERT [dbo].[BANGDIEMMONHOC] ([MABANGDIEM], [DIEM15PHUT], [DIEM1TIET], [DIEMTB], [MAMON], [MAHOCKI], [MADANHSACH]) VALUES (N'MBD294', NULL, NULL, NULL, N'MDIA', N'HKI', N'MDS17')
INSERT [dbo].[BANGDIEMMONHOC] ([MABANGDIEM], [DIEM15PHUT], [DIEM1TIET], [DIEMTB], [MAMON], [MAHOCKI], [MADANHSACH]) VALUES (N'MBD295', NULL, NULL, NULL, N'MVAN', N'HKI', N'MDS17')
INSERT [dbo].[BANGDIEMMONHOC] ([MABANGDIEM], [DIEM15PHUT], [DIEM1TIET], [DIEMTB], [MAMON], [MAHOCKI], [MADANHSACH]) VALUES (N'MBD296', NULL, NULL, NULL, N'MDAODUC', N'HKI', N'MDS17')
INSERT [dbo].[BANGDIEMMONHOC] ([MABANGDIEM], [DIEM15PHUT], [DIEM1TIET], [DIEMTB], [MAMON], [MAHOCKI], [MADANHSACH]) VALUES (N'MBD297', NULL, NULL, NULL, N'MTHEDUC', N'HKI', N'MDS17')
INSERT [dbo].[BANGDIEMMONHOC] ([MABANGDIEM], [DIEM15PHUT], [DIEM1TIET], [DIEMTB], [MAMON], [MAHOCKI], [MADANHSACH]) VALUES (N'MBD298', NULL, NULL, NULL, N'MTOAN', N'HKII', N'MDS17')
INSERT [dbo].[BANGDIEMMONHOC] ([MABANGDIEM], [DIEM15PHUT], [DIEM1TIET], [DIEMTB], [MAMON], [MAHOCKI], [MADANHSACH]) VALUES (N'MBD299', NULL, NULL, NULL, N'MLY', N'HKII', N'MDS17')
INSERT [dbo].[BANGDIEMMONHOC] ([MABANGDIEM], [DIEM15PHUT], [DIEM1TIET], [DIEMTB], [MAMON], [MAHOCKI], [MADANHSACH]) VALUES (N'MBD300', NULL, NULL, NULL, N'MHOA', N'HKII', N'MDS17')
GO
INSERT [dbo].[BANGDIEMMONHOC] ([MABANGDIEM], [DIEM15PHUT], [DIEM1TIET], [DIEMTB], [MAMON], [MAHOCKI], [MADANHSACH]) VALUES (N'MBD301', NULL, NULL, NULL, N'MSINH', N'HKII', N'MDS17')
INSERT [dbo].[BANGDIEMMONHOC] ([MABANGDIEM], [DIEM15PHUT], [DIEM1TIET], [DIEMTB], [MAMON], [MAHOCKI], [MADANHSACH]) VALUES (N'MBD302', NULL, NULL, NULL, N'MSU', N'HKII', N'MDS17')
INSERT [dbo].[BANGDIEMMONHOC] ([MABANGDIEM], [DIEM15PHUT], [DIEM1TIET], [DIEMTB], [MAMON], [MAHOCKI], [MADANHSACH]) VALUES (N'MBD303', NULL, NULL, NULL, N'MDIA', N'HKII', N'MDS17')
INSERT [dbo].[BANGDIEMMONHOC] ([MABANGDIEM], [DIEM15PHUT], [DIEM1TIET], [DIEMTB], [MAMON], [MAHOCKI], [MADANHSACH]) VALUES (N'MBD304', NULL, NULL, NULL, N'MVAN', N'HKII', N'MDS17')
INSERT [dbo].[BANGDIEMMONHOC] ([MABANGDIEM], [DIEM15PHUT], [DIEM1TIET], [DIEMTB], [MAMON], [MAHOCKI], [MADANHSACH]) VALUES (N'MBD305', NULL, NULL, NULL, N'MDAODUC', N'HKII', N'MDS17')
INSERT [dbo].[BANGDIEMMONHOC] ([MABANGDIEM], [DIEM15PHUT], [DIEM1TIET], [DIEMTB], [MAMON], [MAHOCKI], [MADANHSACH]) VALUES (N'MBD306', NULL, NULL, NULL, N'MTHEDUC', N'HKII', N'MDS17')
INSERT [dbo].[BANGDIEMMONHOC] ([MABANGDIEM], [DIEM15PHUT], [DIEM1TIET], [DIEMTB], [MAMON], [MAHOCKI], [MADANHSACH]) VALUES (N'MBD307', NULL, NULL, NULL, N'MTOAN', N'HKI', N'MDS18')
INSERT [dbo].[BANGDIEMMONHOC] ([MABANGDIEM], [DIEM15PHUT], [DIEM1TIET], [DIEMTB], [MAMON], [MAHOCKI], [MADANHSACH]) VALUES (N'MBD308', NULL, NULL, NULL, N'MLY', N'HKI', N'MDS18')
INSERT [dbo].[BANGDIEMMONHOC] ([MABANGDIEM], [DIEM15PHUT], [DIEM1TIET], [DIEMTB], [MAMON], [MAHOCKI], [MADANHSACH]) VALUES (N'MBD309', NULL, NULL, NULL, N'MHOA', N'HKI', N'MDS18')
INSERT [dbo].[BANGDIEMMONHOC] ([MABANGDIEM], [DIEM15PHUT], [DIEM1TIET], [DIEMTB], [MAMON], [MAHOCKI], [MADANHSACH]) VALUES (N'MBD310', NULL, NULL, NULL, N'MSINH', N'HKI', N'MDS18')
INSERT [dbo].[BANGDIEMMONHOC] ([MABANGDIEM], [DIEM15PHUT], [DIEM1TIET], [DIEMTB], [MAMON], [MAHOCKI], [MADANHSACH]) VALUES (N'MBD311', NULL, NULL, NULL, N'MSU', N'HKI', N'MDS18')
INSERT [dbo].[BANGDIEMMONHOC] ([MABANGDIEM], [DIEM15PHUT], [DIEM1TIET], [DIEMTB], [MAMON], [MAHOCKI], [MADANHSACH]) VALUES (N'MBD312', NULL, NULL, NULL, N'MDIA', N'HKI', N'MDS18')
INSERT [dbo].[BANGDIEMMONHOC] ([MABANGDIEM], [DIEM15PHUT], [DIEM1TIET], [DIEMTB], [MAMON], [MAHOCKI], [MADANHSACH]) VALUES (N'MBD313', NULL, NULL, NULL, N'MVAN', N'HKI', N'MDS18')
INSERT [dbo].[BANGDIEMMONHOC] ([MABANGDIEM], [DIEM15PHUT], [DIEM1TIET], [DIEMTB], [MAMON], [MAHOCKI], [MADANHSACH]) VALUES (N'MBD314', NULL, NULL, NULL, N'MDAODUC', N'HKI', N'MDS18')
INSERT [dbo].[BANGDIEMMONHOC] ([MABANGDIEM], [DIEM15PHUT], [DIEM1TIET], [DIEMTB], [MAMON], [MAHOCKI], [MADANHSACH]) VALUES (N'MBD315', NULL, NULL, NULL, N'MTHEDUC', N'HKI', N'MDS18')
INSERT [dbo].[BANGDIEMMONHOC] ([MABANGDIEM], [DIEM15PHUT], [DIEM1TIET], [DIEMTB], [MAMON], [MAHOCKI], [MADANHSACH]) VALUES (N'MBD316', NULL, NULL, NULL, N'MTOAN', N'HKII', N'MDS18')
INSERT [dbo].[BANGDIEMMONHOC] ([MABANGDIEM], [DIEM15PHUT], [DIEM1TIET], [DIEMTB], [MAMON], [MAHOCKI], [MADANHSACH]) VALUES (N'MBD317', NULL, NULL, NULL, N'MLY', N'HKII', N'MDS18')
INSERT [dbo].[BANGDIEMMONHOC] ([MABANGDIEM], [DIEM15PHUT], [DIEM1TIET], [DIEMTB], [MAMON], [MAHOCKI], [MADANHSACH]) VALUES (N'MBD318', NULL, NULL, NULL, N'MHOA', N'HKII', N'MDS18')
INSERT [dbo].[BANGDIEMMONHOC] ([MABANGDIEM], [DIEM15PHUT], [DIEM1TIET], [DIEMTB], [MAMON], [MAHOCKI], [MADANHSACH]) VALUES (N'MBD319', NULL, NULL, NULL, N'MSINH', N'HKII', N'MDS18')
INSERT [dbo].[BANGDIEMMONHOC] ([MABANGDIEM], [DIEM15PHUT], [DIEM1TIET], [DIEMTB], [MAMON], [MAHOCKI], [MADANHSACH]) VALUES (N'MBD320', NULL, NULL, NULL, N'MSU', N'HKII', N'MDS18')
INSERT [dbo].[BANGDIEMMONHOC] ([MABANGDIEM], [DIEM15PHUT], [DIEM1TIET], [DIEMTB], [MAMON], [MAHOCKI], [MADANHSACH]) VALUES (N'MBD321', NULL, NULL, NULL, N'MDIA', N'HKII', N'MDS18')
INSERT [dbo].[BANGDIEMMONHOC] ([MABANGDIEM], [DIEM15PHUT], [DIEM1TIET], [DIEMTB], [MAMON], [MAHOCKI], [MADANHSACH]) VALUES (N'MBD322', NULL, NULL, NULL, N'MVAN', N'HKII', N'MDS18')
INSERT [dbo].[BANGDIEMMONHOC] ([MABANGDIEM], [DIEM15PHUT], [DIEM1TIET], [DIEMTB], [MAMON], [MAHOCKI], [MADANHSACH]) VALUES (N'MBD323', NULL, NULL, NULL, N'MDAODUC', N'HKII', N'MDS18')
INSERT [dbo].[BANGDIEMMONHOC] ([MABANGDIEM], [DIEM15PHUT], [DIEM1TIET], [DIEMTB], [MAMON], [MAHOCKI], [MADANHSACH]) VALUES (N'MBD324', NULL, NULL, NULL, N'MTHEDUC', N'HKII', N'MDS18')
INSERT [dbo].[BANGDIEMMONHOC] ([MABANGDIEM], [DIEM15PHUT], [DIEM1TIET], [DIEMTB], [MAMON], [MAHOCKI], [MADANHSACH]) VALUES (N'MBD325', NULL, NULL, NULL, N'MTOAN', N'HKI', N'MDS19')
INSERT [dbo].[BANGDIEMMONHOC] ([MABANGDIEM], [DIEM15PHUT], [DIEM1TIET], [DIEMTB], [MAMON], [MAHOCKI], [MADANHSACH]) VALUES (N'MBD326', NULL, NULL, NULL, N'MLY', N'HKI', N'MDS19')
INSERT [dbo].[BANGDIEMMONHOC] ([MABANGDIEM], [DIEM15PHUT], [DIEM1TIET], [DIEMTB], [MAMON], [MAHOCKI], [MADANHSACH]) VALUES (N'MBD327', NULL, NULL, NULL, N'MHOA', N'HKI', N'MDS19')
INSERT [dbo].[BANGDIEMMONHOC] ([MABANGDIEM], [DIEM15PHUT], [DIEM1TIET], [DIEMTB], [MAMON], [MAHOCKI], [MADANHSACH]) VALUES (N'MBD328', NULL, NULL, NULL, N'MSINH', N'HKI', N'MDS19')
INSERT [dbo].[BANGDIEMMONHOC] ([MABANGDIEM], [DIEM15PHUT], [DIEM1TIET], [DIEMTB], [MAMON], [MAHOCKI], [MADANHSACH]) VALUES (N'MBD329', NULL, NULL, NULL, N'MSU', N'HKI', N'MDS19')
INSERT [dbo].[BANGDIEMMONHOC] ([MABANGDIEM], [DIEM15PHUT], [DIEM1TIET], [DIEMTB], [MAMON], [MAHOCKI], [MADANHSACH]) VALUES (N'MBD330', NULL, NULL, NULL, N'MDIA', N'HKI', N'MDS19')
INSERT [dbo].[BANGDIEMMONHOC] ([MABANGDIEM], [DIEM15PHUT], [DIEM1TIET], [DIEMTB], [MAMON], [MAHOCKI], [MADANHSACH]) VALUES (N'MBD331', NULL, NULL, NULL, N'MVAN', N'HKI', N'MDS19')
INSERT [dbo].[BANGDIEMMONHOC] ([MABANGDIEM], [DIEM15PHUT], [DIEM1TIET], [DIEMTB], [MAMON], [MAHOCKI], [MADANHSACH]) VALUES (N'MBD332', NULL, NULL, NULL, N'MDAODUC', N'HKI', N'MDS19')
INSERT [dbo].[BANGDIEMMONHOC] ([MABANGDIEM], [DIEM15PHUT], [DIEM1TIET], [DIEMTB], [MAMON], [MAHOCKI], [MADANHSACH]) VALUES (N'MBD333', NULL, NULL, NULL, N'MTHEDUC', N'HKI', N'MDS19')
INSERT [dbo].[BANGDIEMMONHOC] ([MABANGDIEM], [DIEM15PHUT], [DIEM1TIET], [DIEMTB], [MAMON], [MAHOCKI], [MADANHSACH]) VALUES (N'MBD334', NULL, NULL, NULL, N'MTOAN', N'HKII', N'MDS19')
INSERT [dbo].[BANGDIEMMONHOC] ([MABANGDIEM], [DIEM15PHUT], [DIEM1TIET], [DIEMTB], [MAMON], [MAHOCKI], [MADANHSACH]) VALUES (N'MBD335', NULL, NULL, NULL, N'MLY', N'HKII', N'MDS19')
INSERT [dbo].[BANGDIEMMONHOC] ([MABANGDIEM], [DIEM15PHUT], [DIEM1TIET], [DIEMTB], [MAMON], [MAHOCKI], [MADANHSACH]) VALUES (N'MBD336', NULL, NULL, NULL, N'MHOA', N'HKII', N'MDS19')
INSERT [dbo].[BANGDIEMMONHOC] ([MABANGDIEM], [DIEM15PHUT], [DIEM1TIET], [DIEMTB], [MAMON], [MAHOCKI], [MADANHSACH]) VALUES (N'MBD337', NULL, NULL, NULL, N'MSINH', N'HKII', N'MDS19')
INSERT [dbo].[BANGDIEMMONHOC] ([MABANGDIEM], [DIEM15PHUT], [DIEM1TIET], [DIEMTB], [MAMON], [MAHOCKI], [MADANHSACH]) VALUES (N'MBD338', NULL, NULL, NULL, N'MSU', N'HKII', N'MDS19')
INSERT [dbo].[BANGDIEMMONHOC] ([MABANGDIEM], [DIEM15PHUT], [DIEM1TIET], [DIEMTB], [MAMON], [MAHOCKI], [MADANHSACH]) VALUES (N'MBD339', NULL, NULL, NULL, N'MDIA', N'HKII', N'MDS19')
INSERT [dbo].[BANGDIEMMONHOC] ([MABANGDIEM], [DIEM15PHUT], [DIEM1TIET], [DIEMTB], [MAMON], [MAHOCKI], [MADANHSACH]) VALUES (N'MBD340', NULL, NULL, NULL, N'MVAN', N'HKII', N'MDS19')
INSERT [dbo].[BANGDIEMMONHOC] ([MABANGDIEM], [DIEM15PHUT], [DIEM1TIET], [DIEMTB], [MAMON], [MAHOCKI], [MADANHSACH]) VALUES (N'MBD341', NULL, NULL, NULL, N'MDAODUC', N'HKII', N'MDS19')
INSERT [dbo].[BANGDIEMMONHOC] ([MABANGDIEM], [DIEM15PHUT], [DIEM1TIET], [DIEMTB], [MAMON], [MAHOCKI], [MADANHSACH]) VALUES (N'MBD342', NULL, NULL, NULL, N'MTHEDUC', N'HKII', N'MDS19')
INSERT [dbo].[BANGDIEMMONHOC] ([MABANGDIEM], [DIEM15PHUT], [DIEM1TIET], [DIEMTB], [MAMON], [MAHOCKI], [MADANHSACH]) VALUES (N'MBD343', NULL, NULL, NULL, N'MTOAN', N'HKI', N'MDS20')
INSERT [dbo].[BANGDIEMMONHOC] ([MABANGDIEM], [DIEM15PHUT], [DIEM1TIET], [DIEMTB], [MAMON], [MAHOCKI], [MADANHSACH]) VALUES (N'MBD344', NULL, NULL, NULL, N'MLY', N'HKI', N'MDS20')
INSERT [dbo].[BANGDIEMMONHOC] ([MABANGDIEM], [DIEM15PHUT], [DIEM1TIET], [DIEMTB], [MAMON], [MAHOCKI], [MADANHSACH]) VALUES (N'MBD345', NULL, NULL, NULL, N'MHOA', N'HKI', N'MDS20')
INSERT [dbo].[BANGDIEMMONHOC] ([MABANGDIEM], [DIEM15PHUT], [DIEM1TIET], [DIEMTB], [MAMON], [MAHOCKI], [MADANHSACH]) VALUES (N'MBD346', NULL, NULL, NULL, N'MSINH', N'HKI', N'MDS20')
INSERT [dbo].[BANGDIEMMONHOC] ([MABANGDIEM], [DIEM15PHUT], [DIEM1TIET], [DIEMTB], [MAMON], [MAHOCKI], [MADANHSACH]) VALUES (N'MBD347', NULL, NULL, NULL, N'MSU', N'HKI', N'MDS20')
INSERT [dbo].[BANGDIEMMONHOC] ([MABANGDIEM], [DIEM15PHUT], [DIEM1TIET], [DIEMTB], [MAMON], [MAHOCKI], [MADANHSACH]) VALUES (N'MBD348', NULL, NULL, NULL, N'MDIA', N'HKI', N'MDS20')
INSERT [dbo].[BANGDIEMMONHOC] ([MABANGDIEM], [DIEM15PHUT], [DIEM1TIET], [DIEMTB], [MAMON], [MAHOCKI], [MADANHSACH]) VALUES (N'MBD349', NULL, NULL, NULL, N'MVAN', N'HKI', N'MDS20')
INSERT [dbo].[BANGDIEMMONHOC] ([MABANGDIEM], [DIEM15PHUT], [DIEM1TIET], [DIEMTB], [MAMON], [MAHOCKI], [MADANHSACH]) VALUES (N'MBD350', NULL, NULL, NULL, N'MDAODUC', N'HKI', N'MDS20')
INSERT [dbo].[BANGDIEMMONHOC] ([MABANGDIEM], [DIEM15PHUT], [DIEM1TIET], [DIEMTB], [MAMON], [MAHOCKI], [MADANHSACH]) VALUES (N'MBD351', NULL, NULL, NULL, N'MTHEDUC', N'HKI', N'MDS20')
INSERT [dbo].[BANGDIEMMONHOC] ([MABANGDIEM], [DIEM15PHUT], [DIEM1TIET], [DIEMTB], [MAMON], [MAHOCKI], [MADANHSACH]) VALUES (N'MBD352', NULL, NULL, NULL, N'MTOAN', N'HKII', N'MDS20')
INSERT [dbo].[BANGDIEMMONHOC] ([MABANGDIEM], [DIEM15PHUT], [DIEM1TIET], [DIEMTB], [MAMON], [MAHOCKI], [MADANHSACH]) VALUES (N'MBD353', NULL, NULL, NULL, N'MLY', N'HKII', N'MDS20')
INSERT [dbo].[BANGDIEMMONHOC] ([MABANGDIEM], [DIEM15PHUT], [DIEM1TIET], [DIEMTB], [MAMON], [MAHOCKI], [MADANHSACH]) VALUES (N'MBD354', NULL, NULL, NULL, N'MHOA', N'HKII', N'MDS20')
INSERT [dbo].[BANGDIEMMONHOC] ([MABANGDIEM], [DIEM15PHUT], [DIEM1TIET], [DIEMTB], [MAMON], [MAHOCKI], [MADANHSACH]) VALUES (N'MBD355', NULL, NULL, NULL, N'MSINH', N'HKII', N'MDS20')
INSERT [dbo].[BANGDIEMMONHOC] ([MABANGDIEM], [DIEM15PHUT], [DIEM1TIET], [DIEMTB], [MAMON], [MAHOCKI], [MADANHSACH]) VALUES (N'MBD356', NULL, NULL, NULL, N'MSU', N'HKII', N'MDS20')
INSERT [dbo].[BANGDIEMMONHOC] ([MABANGDIEM], [DIEM15PHUT], [DIEM1TIET], [DIEMTB], [MAMON], [MAHOCKI], [MADANHSACH]) VALUES (N'MBD357', NULL, NULL, NULL, N'MDIA', N'HKII', N'MDS20')
INSERT [dbo].[BANGDIEMMONHOC] ([MABANGDIEM], [DIEM15PHUT], [DIEM1TIET], [DIEMTB], [MAMON], [MAHOCKI], [MADANHSACH]) VALUES (N'MBD358', NULL, NULL, NULL, N'MVAN', N'HKII', N'MDS20')
INSERT [dbo].[BANGDIEMMONHOC] ([MABANGDIEM], [DIEM15PHUT], [DIEM1TIET], [DIEMTB], [MAMON], [MAHOCKI], [MADANHSACH]) VALUES (N'MBD359', NULL, NULL, NULL, N'MDAODUC', N'HKII', N'MDS20')
INSERT [dbo].[BANGDIEMMONHOC] ([MABANGDIEM], [DIEM15PHUT], [DIEM1TIET], [DIEMTB], [MAMON], [MAHOCKI], [MADANHSACH]) VALUES (N'MBD360', NULL, NULL, NULL, N'MTHEDUC', N'HKII', N'MDS20')
INSERT [dbo].[BANGDIEMMONHOC] ([MABANGDIEM], [DIEM15PHUT], [DIEM1TIET], [DIEMTB], [MAMON], [MAHOCKI], [MADANHSACH]) VALUES (N'MBD361', NULL, NULL, NULL, N'MTOAN', N'HKI', N'MDS21')
INSERT [dbo].[BANGDIEMMONHOC] ([MABANGDIEM], [DIEM15PHUT], [DIEM1TIET], [DIEMTB], [MAMON], [MAHOCKI], [MADANHSACH]) VALUES (N'MBD362', NULL, NULL, NULL, N'MLY', N'HKI', N'MDS21')
INSERT [dbo].[BANGDIEMMONHOC] ([MABANGDIEM], [DIEM15PHUT], [DIEM1TIET], [DIEMTB], [MAMON], [MAHOCKI], [MADANHSACH]) VALUES (N'MBD363', NULL, NULL, NULL, N'MHOA', N'HKI', N'MDS21')
INSERT [dbo].[BANGDIEMMONHOC] ([MABANGDIEM], [DIEM15PHUT], [DIEM1TIET], [DIEMTB], [MAMON], [MAHOCKI], [MADANHSACH]) VALUES (N'MBD364', NULL, NULL, NULL, N'MSINH', N'HKI', N'MDS21')
INSERT [dbo].[BANGDIEMMONHOC] ([MABANGDIEM], [DIEM15PHUT], [DIEM1TIET], [DIEMTB], [MAMON], [MAHOCKI], [MADANHSACH]) VALUES (N'MBD365', NULL, NULL, NULL, N'MSU', N'HKI', N'MDS21')
INSERT [dbo].[BANGDIEMMONHOC] ([MABANGDIEM], [DIEM15PHUT], [DIEM1TIET], [DIEMTB], [MAMON], [MAHOCKI], [MADANHSACH]) VALUES (N'MBD366', NULL, NULL, NULL, N'MDIA', N'HKI', N'MDS21')
INSERT [dbo].[BANGDIEMMONHOC] ([MABANGDIEM], [DIEM15PHUT], [DIEM1TIET], [DIEMTB], [MAMON], [MAHOCKI], [MADANHSACH]) VALUES (N'MBD367', NULL, NULL, NULL, N'MVAN', N'HKI', N'MDS21')
INSERT [dbo].[BANGDIEMMONHOC] ([MABANGDIEM], [DIEM15PHUT], [DIEM1TIET], [DIEMTB], [MAMON], [MAHOCKI], [MADANHSACH]) VALUES (N'MBD368', NULL, NULL, NULL, N'MDAODUC', N'HKI', N'MDS21')
INSERT [dbo].[BANGDIEMMONHOC] ([MABANGDIEM], [DIEM15PHUT], [DIEM1TIET], [DIEMTB], [MAMON], [MAHOCKI], [MADANHSACH]) VALUES (N'MBD369', NULL, NULL, NULL, N'MTHEDUC', N'HKI', N'MDS21')
INSERT [dbo].[BANGDIEMMONHOC] ([MABANGDIEM], [DIEM15PHUT], [DIEM1TIET], [DIEMTB], [MAMON], [MAHOCKI], [MADANHSACH]) VALUES (N'MBD370', NULL, NULL, NULL, N'MTOAN', N'HKII', N'MDS21')
INSERT [dbo].[BANGDIEMMONHOC] ([MABANGDIEM], [DIEM15PHUT], [DIEM1TIET], [DIEMTB], [MAMON], [MAHOCKI], [MADANHSACH]) VALUES (N'MBD371', NULL, NULL, NULL, N'MLY', N'HKII', N'MDS21')
INSERT [dbo].[BANGDIEMMONHOC] ([MABANGDIEM], [DIEM15PHUT], [DIEM1TIET], [DIEMTB], [MAMON], [MAHOCKI], [MADANHSACH]) VALUES (N'MBD372', NULL, NULL, NULL, N'MHOA', N'HKII', N'MDS21')
INSERT [dbo].[BANGDIEMMONHOC] ([MABANGDIEM], [DIEM15PHUT], [DIEM1TIET], [DIEMTB], [MAMON], [MAHOCKI], [MADANHSACH]) VALUES (N'MBD373', NULL, NULL, NULL, N'MSINH', N'HKII', N'MDS21')
INSERT [dbo].[BANGDIEMMONHOC] ([MABANGDIEM], [DIEM15PHUT], [DIEM1TIET], [DIEMTB], [MAMON], [MAHOCKI], [MADANHSACH]) VALUES (N'MBD374', NULL, NULL, NULL, N'MSU', N'HKII', N'MDS21')
INSERT [dbo].[BANGDIEMMONHOC] ([MABANGDIEM], [DIEM15PHUT], [DIEM1TIET], [DIEMTB], [MAMON], [MAHOCKI], [MADANHSACH]) VALUES (N'MBD375', NULL, NULL, NULL, N'MDIA', N'HKII', N'MDS21')
INSERT [dbo].[BANGDIEMMONHOC] ([MABANGDIEM], [DIEM15PHUT], [DIEM1TIET], [DIEMTB], [MAMON], [MAHOCKI], [MADANHSACH]) VALUES (N'MBD376', NULL, NULL, NULL, N'MVAN', N'HKII', N'MDS21')
INSERT [dbo].[BANGDIEMMONHOC] ([MABANGDIEM], [DIEM15PHUT], [DIEM1TIET], [DIEMTB], [MAMON], [MAHOCKI], [MADANHSACH]) VALUES (N'MBD377', NULL, NULL, NULL, N'MDAODUC', N'HKII', N'MDS21')
INSERT [dbo].[BANGDIEMMONHOC] ([MABANGDIEM], [DIEM15PHUT], [DIEM1TIET], [DIEMTB], [MAMON], [MAHOCKI], [MADANHSACH]) VALUES (N'MBD378', NULL, NULL, NULL, N'MTHEDUC', N'HKII', N'MDS21')
INSERT [dbo].[BANGDIEMMONHOC] ([MABANGDIEM], [DIEM15PHUT], [DIEM1TIET], [DIEMTB], [MAMON], [MAHOCKI], [MADANHSACH]) VALUES (N'MBD379', NULL, NULL, NULL, N'MTOAN', N'HKI', N'MDS22')
INSERT [dbo].[BANGDIEMMONHOC] ([MABANGDIEM], [DIEM15PHUT], [DIEM1TIET], [DIEMTB], [MAMON], [MAHOCKI], [MADANHSACH]) VALUES (N'MBD380', NULL, NULL, NULL, N'MLY', N'HKI', N'MDS22')
INSERT [dbo].[BANGDIEMMONHOC] ([MABANGDIEM], [DIEM15PHUT], [DIEM1TIET], [DIEMTB], [MAMON], [MAHOCKI], [MADANHSACH]) VALUES (N'MBD381', NULL, NULL, NULL, N'MHOA', N'HKI', N'MDS22')
INSERT [dbo].[BANGDIEMMONHOC] ([MABANGDIEM], [DIEM15PHUT], [DIEM1TIET], [DIEMTB], [MAMON], [MAHOCKI], [MADANHSACH]) VALUES (N'MBD382', NULL, NULL, NULL, N'MSINH', N'HKI', N'MDS22')
INSERT [dbo].[BANGDIEMMONHOC] ([MABANGDIEM], [DIEM15PHUT], [DIEM1TIET], [DIEMTB], [MAMON], [MAHOCKI], [MADANHSACH]) VALUES (N'MBD383', NULL, NULL, NULL, N'MSU', N'HKI', N'MDS22')
INSERT [dbo].[BANGDIEMMONHOC] ([MABANGDIEM], [DIEM15PHUT], [DIEM1TIET], [DIEMTB], [MAMON], [MAHOCKI], [MADANHSACH]) VALUES (N'MBD384', NULL, NULL, NULL, N'MDIA', N'HKI', N'MDS22')
INSERT [dbo].[BANGDIEMMONHOC] ([MABANGDIEM], [DIEM15PHUT], [DIEM1TIET], [DIEMTB], [MAMON], [MAHOCKI], [MADANHSACH]) VALUES (N'MBD385', NULL, NULL, NULL, N'MVAN', N'HKI', N'MDS22')
INSERT [dbo].[BANGDIEMMONHOC] ([MABANGDIEM], [DIEM15PHUT], [DIEM1TIET], [DIEMTB], [MAMON], [MAHOCKI], [MADANHSACH]) VALUES (N'MBD386', NULL, NULL, NULL, N'MDAODUC', N'HKI', N'MDS22')
INSERT [dbo].[BANGDIEMMONHOC] ([MABANGDIEM], [DIEM15PHUT], [DIEM1TIET], [DIEMTB], [MAMON], [MAHOCKI], [MADANHSACH]) VALUES (N'MBD387', NULL, NULL, NULL, N'MTHEDUC', N'HKI', N'MDS22')
INSERT [dbo].[BANGDIEMMONHOC] ([MABANGDIEM], [DIEM15PHUT], [DIEM1TIET], [DIEMTB], [MAMON], [MAHOCKI], [MADANHSACH]) VALUES (N'MBD388', NULL, NULL, NULL, N'MTOAN', N'HKII', N'MDS22')
INSERT [dbo].[BANGDIEMMONHOC] ([MABANGDIEM], [DIEM15PHUT], [DIEM1TIET], [DIEMTB], [MAMON], [MAHOCKI], [MADANHSACH]) VALUES (N'MBD389', NULL, NULL, NULL, N'MLY', N'HKII', N'MDS22')
INSERT [dbo].[BANGDIEMMONHOC] ([MABANGDIEM], [DIEM15PHUT], [DIEM1TIET], [DIEMTB], [MAMON], [MAHOCKI], [MADANHSACH]) VALUES (N'MBD390', NULL, NULL, NULL, N'MHOA', N'HKII', N'MDS22')
INSERT [dbo].[BANGDIEMMONHOC] ([MABANGDIEM], [DIEM15PHUT], [DIEM1TIET], [DIEMTB], [MAMON], [MAHOCKI], [MADANHSACH]) VALUES (N'MBD391', NULL, NULL, NULL, N'MSINH', N'HKII', N'MDS22')
INSERT [dbo].[BANGDIEMMONHOC] ([MABANGDIEM], [DIEM15PHUT], [DIEM1TIET], [DIEMTB], [MAMON], [MAHOCKI], [MADANHSACH]) VALUES (N'MBD392', NULL, NULL, NULL, N'MSU', N'HKII', N'MDS22')
INSERT [dbo].[BANGDIEMMONHOC] ([MABANGDIEM], [DIEM15PHUT], [DIEM1TIET], [DIEMTB], [MAMON], [MAHOCKI], [MADANHSACH]) VALUES (N'MBD393', NULL, NULL, NULL, N'MDIA', N'HKII', N'MDS22')
INSERT [dbo].[BANGDIEMMONHOC] ([MABANGDIEM], [DIEM15PHUT], [DIEM1TIET], [DIEMTB], [MAMON], [MAHOCKI], [MADANHSACH]) VALUES (N'MBD394', NULL, NULL, NULL, N'MVAN', N'HKII', N'MDS22')
INSERT [dbo].[BANGDIEMMONHOC] ([MABANGDIEM], [DIEM15PHUT], [DIEM1TIET], [DIEMTB], [MAMON], [MAHOCKI], [MADANHSACH]) VALUES (N'MBD395', NULL, NULL, NULL, N'MDAODUC', N'HKII', N'MDS22')
INSERT [dbo].[BANGDIEMMONHOC] ([MABANGDIEM], [DIEM15PHUT], [DIEM1TIET], [DIEMTB], [MAMON], [MAHOCKI], [MADANHSACH]) VALUES (N'MBD396', NULL, NULL, NULL, N'MTHEDUC', N'HKII', N'MDS22')
INSERT [dbo].[BANGDIEMMONHOC] ([MABANGDIEM], [DIEM15PHUT], [DIEM1TIET], [DIEMTB], [MAMON], [MAHOCKI], [MADANHSACH]) VALUES (N'MBD397', NULL, NULL, NULL, N'MTOAN', N'HKI', N'MDS23')
INSERT [dbo].[BANGDIEMMONHOC] ([MABANGDIEM], [DIEM15PHUT], [DIEM1TIET], [DIEMTB], [MAMON], [MAHOCKI], [MADANHSACH]) VALUES (N'MBD398', NULL, NULL, NULL, N'MLY', N'HKI', N'MDS23')
INSERT [dbo].[BANGDIEMMONHOC] ([MABANGDIEM], [DIEM15PHUT], [DIEM1TIET], [DIEMTB], [MAMON], [MAHOCKI], [MADANHSACH]) VALUES (N'MBD399', NULL, NULL, NULL, N'MHOA', N'HKI', N'MDS23')
INSERT [dbo].[BANGDIEMMONHOC] ([MABANGDIEM], [DIEM15PHUT], [DIEM1TIET], [DIEMTB], [MAMON], [MAHOCKI], [MADANHSACH]) VALUES (N'MBD400', NULL, NULL, NULL, N'MSINH', N'HKI', N'MDS23')
GO
INSERT [dbo].[BANGDIEMMONHOC] ([MABANGDIEM], [DIEM15PHUT], [DIEM1TIET], [DIEMTB], [MAMON], [MAHOCKI], [MADANHSACH]) VALUES (N'MBD401', NULL, NULL, NULL, N'MSU', N'HKI', N'MDS23')
INSERT [dbo].[BANGDIEMMONHOC] ([MABANGDIEM], [DIEM15PHUT], [DIEM1TIET], [DIEMTB], [MAMON], [MAHOCKI], [MADANHSACH]) VALUES (N'MBD402', NULL, NULL, NULL, N'MDIA', N'HKI', N'MDS23')
INSERT [dbo].[BANGDIEMMONHOC] ([MABANGDIEM], [DIEM15PHUT], [DIEM1TIET], [DIEMTB], [MAMON], [MAHOCKI], [MADANHSACH]) VALUES (N'MBD403', NULL, NULL, NULL, N'MVAN', N'HKI', N'MDS23')
INSERT [dbo].[BANGDIEMMONHOC] ([MABANGDIEM], [DIEM15PHUT], [DIEM1TIET], [DIEMTB], [MAMON], [MAHOCKI], [MADANHSACH]) VALUES (N'MBD404', NULL, NULL, NULL, N'MDAODUC', N'HKI', N'MDS23')
INSERT [dbo].[BANGDIEMMONHOC] ([MABANGDIEM], [DIEM15PHUT], [DIEM1TIET], [DIEMTB], [MAMON], [MAHOCKI], [MADANHSACH]) VALUES (N'MBD405', NULL, NULL, NULL, N'MTHEDUC', N'HKI', N'MDS23')
INSERT [dbo].[BANGDIEMMONHOC] ([MABANGDIEM], [DIEM15PHUT], [DIEM1TIET], [DIEMTB], [MAMON], [MAHOCKI], [MADANHSACH]) VALUES (N'MBD406', NULL, NULL, NULL, N'MTOAN', N'HKII', N'MDS23')
INSERT [dbo].[BANGDIEMMONHOC] ([MABANGDIEM], [DIEM15PHUT], [DIEM1TIET], [DIEMTB], [MAMON], [MAHOCKI], [MADANHSACH]) VALUES (N'MBD407', NULL, NULL, NULL, N'MLY', N'HKII', N'MDS23')
INSERT [dbo].[BANGDIEMMONHOC] ([MABANGDIEM], [DIEM15PHUT], [DIEM1TIET], [DIEMTB], [MAMON], [MAHOCKI], [MADANHSACH]) VALUES (N'MBD408', NULL, NULL, NULL, N'MHOA', N'HKII', N'MDS23')
INSERT [dbo].[BANGDIEMMONHOC] ([MABANGDIEM], [DIEM15PHUT], [DIEM1TIET], [DIEMTB], [MAMON], [MAHOCKI], [MADANHSACH]) VALUES (N'MBD409', NULL, NULL, NULL, N'MSINH', N'HKII', N'MDS23')
INSERT [dbo].[BANGDIEMMONHOC] ([MABANGDIEM], [DIEM15PHUT], [DIEM1TIET], [DIEMTB], [MAMON], [MAHOCKI], [MADANHSACH]) VALUES (N'MBD410', NULL, NULL, NULL, N'MSU', N'HKII', N'MDS23')
INSERT [dbo].[BANGDIEMMONHOC] ([MABANGDIEM], [DIEM15PHUT], [DIEM1TIET], [DIEMTB], [MAMON], [MAHOCKI], [MADANHSACH]) VALUES (N'MBD411', NULL, NULL, NULL, N'MDIA', N'HKII', N'MDS23')
INSERT [dbo].[BANGDIEMMONHOC] ([MABANGDIEM], [DIEM15PHUT], [DIEM1TIET], [DIEMTB], [MAMON], [MAHOCKI], [MADANHSACH]) VALUES (N'MBD412', NULL, NULL, NULL, N'MVAN', N'HKII', N'MDS23')
INSERT [dbo].[BANGDIEMMONHOC] ([MABANGDIEM], [DIEM15PHUT], [DIEM1TIET], [DIEMTB], [MAMON], [MAHOCKI], [MADANHSACH]) VALUES (N'MBD413', NULL, NULL, NULL, N'MDAODUC', N'HKII', N'MDS23')
INSERT [dbo].[BANGDIEMMONHOC] ([MABANGDIEM], [DIEM15PHUT], [DIEM1TIET], [DIEMTB], [MAMON], [MAHOCKI], [MADANHSACH]) VALUES (N'MBD414', NULL, NULL, NULL, N'MTHEDUC', N'HKII', N'MDS23')
INSERT [dbo].[BANGDIEMMONHOC] ([MABANGDIEM], [DIEM15PHUT], [DIEM1TIET], [DIEMTB], [MAMON], [MAHOCKI], [MADANHSACH]) VALUES (N'MBD415', NULL, NULL, NULL, N'MTOAN', N'HKI', N'MDS24')
INSERT [dbo].[BANGDIEMMONHOC] ([MABANGDIEM], [DIEM15PHUT], [DIEM1TIET], [DIEMTB], [MAMON], [MAHOCKI], [MADANHSACH]) VALUES (N'MBD416', NULL, NULL, NULL, N'MLY', N'HKI', N'MDS24')
INSERT [dbo].[BANGDIEMMONHOC] ([MABANGDIEM], [DIEM15PHUT], [DIEM1TIET], [DIEMTB], [MAMON], [MAHOCKI], [MADANHSACH]) VALUES (N'MBD417', NULL, NULL, NULL, N'MHOA', N'HKI', N'MDS24')
INSERT [dbo].[BANGDIEMMONHOC] ([MABANGDIEM], [DIEM15PHUT], [DIEM1TIET], [DIEMTB], [MAMON], [MAHOCKI], [MADANHSACH]) VALUES (N'MBD418', NULL, NULL, NULL, N'MSINH', N'HKI', N'MDS24')
INSERT [dbo].[BANGDIEMMONHOC] ([MABANGDIEM], [DIEM15PHUT], [DIEM1TIET], [DIEMTB], [MAMON], [MAHOCKI], [MADANHSACH]) VALUES (N'MBD419', NULL, NULL, NULL, N'MSU', N'HKI', N'MDS24')
INSERT [dbo].[BANGDIEMMONHOC] ([MABANGDIEM], [DIEM15PHUT], [DIEM1TIET], [DIEMTB], [MAMON], [MAHOCKI], [MADANHSACH]) VALUES (N'MBD420', NULL, NULL, NULL, N'MDIA', N'HKI', N'MDS24')
INSERT [dbo].[BANGDIEMMONHOC] ([MABANGDIEM], [DIEM15PHUT], [DIEM1TIET], [DIEMTB], [MAMON], [MAHOCKI], [MADANHSACH]) VALUES (N'MBD421', NULL, NULL, NULL, N'MVAN', N'HKI', N'MDS24')
INSERT [dbo].[BANGDIEMMONHOC] ([MABANGDIEM], [DIEM15PHUT], [DIEM1TIET], [DIEMTB], [MAMON], [MAHOCKI], [MADANHSACH]) VALUES (N'MBD422', NULL, NULL, NULL, N'MDAODUC', N'HKI', N'MDS24')
INSERT [dbo].[BANGDIEMMONHOC] ([MABANGDIEM], [DIEM15PHUT], [DIEM1TIET], [DIEMTB], [MAMON], [MAHOCKI], [MADANHSACH]) VALUES (N'MBD423', NULL, NULL, NULL, N'MTHEDUC', N'HKI', N'MDS24')
INSERT [dbo].[BANGDIEMMONHOC] ([MABANGDIEM], [DIEM15PHUT], [DIEM1TIET], [DIEMTB], [MAMON], [MAHOCKI], [MADANHSACH]) VALUES (N'MBD424', NULL, NULL, NULL, N'MTOAN', N'HKII', N'MDS24')
INSERT [dbo].[BANGDIEMMONHOC] ([MABANGDIEM], [DIEM15PHUT], [DIEM1TIET], [DIEMTB], [MAMON], [MAHOCKI], [MADANHSACH]) VALUES (N'MBD425', NULL, NULL, NULL, N'MLY', N'HKII', N'MDS24')
INSERT [dbo].[BANGDIEMMONHOC] ([MABANGDIEM], [DIEM15PHUT], [DIEM1TIET], [DIEMTB], [MAMON], [MAHOCKI], [MADANHSACH]) VALUES (N'MBD426', NULL, NULL, NULL, N'MHOA', N'HKII', N'MDS24')
INSERT [dbo].[BANGDIEMMONHOC] ([MABANGDIEM], [DIEM15PHUT], [DIEM1TIET], [DIEMTB], [MAMON], [MAHOCKI], [MADANHSACH]) VALUES (N'MBD427', NULL, NULL, NULL, N'MSINH', N'HKII', N'MDS24')
INSERT [dbo].[BANGDIEMMONHOC] ([MABANGDIEM], [DIEM15PHUT], [DIEM1TIET], [DIEMTB], [MAMON], [MAHOCKI], [MADANHSACH]) VALUES (N'MBD428', NULL, NULL, NULL, N'MSU', N'HKII', N'MDS24')
INSERT [dbo].[BANGDIEMMONHOC] ([MABANGDIEM], [DIEM15PHUT], [DIEM1TIET], [DIEMTB], [MAMON], [MAHOCKI], [MADANHSACH]) VALUES (N'MBD429', NULL, NULL, NULL, N'MDIA', N'HKII', N'MDS24')
INSERT [dbo].[BANGDIEMMONHOC] ([MABANGDIEM], [DIEM15PHUT], [DIEM1TIET], [DIEMTB], [MAMON], [MAHOCKI], [MADANHSACH]) VALUES (N'MBD430', NULL, NULL, NULL, N'MVAN', N'HKII', N'MDS24')
INSERT [dbo].[BANGDIEMMONHOC] ([MABANGDIEM], [DIEM15PHUT], [DIEM1TIET], [DIEMTB], [MAMON], [MAHOCKI], [MADANHSACH]) VALUES (N'MBD431', NULL, NULL, NULL, N'MDAODUC', N'HKII', N'MDS24')
INSERT [dbo].[BANGDIEMMONHOC] ([MABANGDIEM], [DIEM15PHUT], [DIEM1TIET], [DIEMTB], [MAMON], [MAHOCKI], [MADANHSACH]) VALUES (N'MBD432', NULL, NULL, NULL, N'MTHEDUC', N'HKII', N'MDS24')
INSERT [dbo].[BANGDIEMMONHOC] ([MABANGDIEM], [DIEM15PHUT], [DIEM1TIET], [DIEMTB], [MAMON], [MAHOCKI], [MADANHSACH]) VALUES (N'MBD433', NULL, NULL, NULL, N'MTOAN', N'HKI', N'MDS25')
INSERT [dbo].[BANGDIEMMONHOC] ([MABANGDIEM], [DIEM15PHUT], [DIEM1TIET], [DIEMTB], [MAMON], [MAHOCKI], [MADANHSACH]) VALUES (N'MBD434', NULL, NULL, NULL, N'MLY', N'HKI', N'MDS25')
INSERT [dbo].[BANGDIEMMONHOC] ([MABANGDIEM], [DIEM15PHUT], [DIEM1TIET], [DIEMTB], [MAMON], [MAHOCKI], [MADANHSACH]) VALUES (N'MBD435', NULL, NULL, NULL, N'MHOA', N'HKI', N'MDS25')
INSERT [dbo].[BANGDIEMMONHOC] ([MABANGDIEM], [DIEM15PHUT], [DIEM1TIET], [DIEMTB], [MAMON], [MAHOCKI], [MADANHSACH]) VALUES (N'MBD436', NULL, NULL, NULL, N'MSINH', N'HKI', N'MDS25')
INSERT [dbo].[BANGDIEMMONHOC] ([MABANGDIEM], [DIEM15PHUT], [DIEM1TIET], [DIEMTB], [MAMON], [MAHOCKI], [MADANHSACH]) VALUES (N'MBD437', NULL, NULL, NULL, N'MSU', N'HKI', N'MDS25')
INSERT [dbo].[BANGDIEMMONHOC] ([MABANGDIEM], [DIEM15PHUT], [DIEM1TIET], [DIEMTB], [MAMON], [MAHOCKI], [MADANHSACH]) VALUES (N'MBD438', NULL, NULL, NULL, N'MDIA', N'HKI', N'MDS25')
INSERT [dbo].[BANGDIEMMONHOC] ([MABANGDIEM], [DIEM15PHUT], [DIEM1TIET], [DIEMTB], [MAMON], [MAHOCKI], [MADANHSACH]) VALUES (N'MBD439', NULL, NULL, NULL, N'MVAN', N'HKI', N'MDS25')
INSERT [dbo].[BANGDIEMMONHOC] ([MABANGDIEM], [DIEM15PHUT], [DIEM1TIET], [DIEMTB], [MAMON], [MAHOCKI], [MADANHSACH]) VALUES (N'MBD440', NULL, NULL, NULL, N'MDAODUC', N'HKI', N'MDS25')
INSERT [dbo].[BANGDIEMMONHOC] ([MABANGDIEM], [DIEM15PHUT], [DIEM1TIET], [DIEMTB], [MAMON], [MAHOCKI], [MADANHSACH]) VALUES (N'MBD441', NULL, NULL, NULL, N'MTHEDUC', N'HKI', N'MDS25')
INSERT [dbo].[BANGDIEMMONHOC] ([MABANGDIEM], [DIEM15PHUT], [DIEM1TIET], [DIEMTB], [MAMON], [MAHOCKI], [MADANHSACH]) VALUES (N'MBD442', NULL, NULL, NULL, N'MTOAN', N'HKII', N'MDS25')
INSERT [dbo].[BANGDIEMMONHOC] ([MABANGDIEM], [DIEM15PHUT], [DIEM1TIET], [DIEMTB], [MAMON], [MAHOCKI], [MADANHSACH]) VALUES (N'MBD443', NULL, NULL, NULL, N'MLY', N'HKII', N'MDS25')
INSERT [dbo].[BANGDIEMMONHOC] ([MABANGDIEM], [DIEM15PHUT], [DIEM1TIET], [DIEMTB], [MAMON], [MAHOCKI], [MADANHSACH]) VALUES (N'MBD444', NULL, NULL, NULL, N'MHOA', N'HKII', N'MDS25')
INSERT [dbo].[BANGDIEMMONHOC] ([MABANGDIEM], [DIEM15PHUT], [DIEM1TIET], [DIEMTB], [MAMON], [MAHOCKI], [MADANHSACH]) VALUES (N'MBD445', NULL, NULL, NULL, N'MSINH', N'HKII', N'MDS25')
INSERT [dbo].[BANGDIEMMONHOC] ([MABANGDIEM], [DIEM15PHUT], [DIEM1TIET], [DIEMTB], [MAMON], [MAHOCKI], [MADANHSACH]) VALUES (N'MBD446', NULL, NULL, NULL, N'MSU', N'HKII', N'MDS25')
INSERT [dbo].[BANGDIEMMONHOC] ([MABANGDIEM], [DIEM15PHUT], [DIEM1TIET], [DIEMTB], [MAMON], [MAHOCKI], [MADANHSACH]) VALUES (N'MBD447', NULL, NULL, NULL, N'MDIA', N'HKII', N'MDS25')
INSERT [dbo].[BANGDIEMMONHOC] ([MABANGDIEM], [DIEM15PHUT], [DIEM1TIET], [DIEMTB], [MAMON], [MAHOCKI], [MADANHSACH]) VALUES (N'MBD448', NULL, NULL, NULL, N'MVAN', N'HKII', N'MDS25')
INSERT [dbo].[BANGDIEMMONHOC] ([MABANGDIEM], [DIEM15PHUT], [DIEM1TIET], [DIEMTB], [MAMON], [MAHOCKI], [MADANHSACH]) VALUES (N'MBD449', NULL, NULL, NULL, N'MDAODUC', N'HKII', N'MDS25')
INSERT [dbo].[BANGDIEMMONHOC] ([MABANGDIEM], [DIEM15PHUT], [DIEM1TIET], [DIEMTB], [MAMON], [MAHOCKI], [MADANHSACH]) VALUES (N'MBD450', NULL, NULL, NULL, N'MTHEDUC', N'HKII', N'MDS25')
INSERT [dbo].[BANGDIEMMONHOC] ([MABANGDIEM], [DIEM15PHUT], [DIEM1TIET], [DIEMTB], [MAMON], [MAHOCKI], [MADANHSACH]) VALUES (N'MBD451', NULL, NULL, NULL, N'MTOAN', N'HKI', N'MDS26')
INSERT [dbo].[BANGDIEMMONHOC] ([MABANGDIEM], [DIEM15PHUT], [DIEM1TIET], [DIEMTB], [MAMON], [MAHOCKI], [MADANHSACH]) VALUES (N'MBD452', NULL, NULL, NULL, N'MLY', N'HKI', N'MDS26')
INSERT [dbo].[BANGDIEMMONHOC] ([MABANGDIEM], [DIEM15PHUT], [DIEM1TIET], [DIEMTB], [MAMON], [MAHOCKI], [MADANHSACH]) VALUES (N'MBD453', NULL, NULL, NULL, N'MHOA', N'HKI', N'MDS26')
INSERT [dbo].[BANGDIEMMONHOC] ([MABANGDIEM], [DIEM15PHUT], [DIEM1TIET], [DIEMTB], [MAMON], [MAHOCKI], [MADANHSACH]) VALUES (N'MBD454', NULL, NULL, NULL, N'MSINH', N'HKI', N'MDS26')
INSERT [dbo].[BANGDIEMMONHOC] ([MABANGDIEM], [DIEM15PHUT], [DIEM1TIET], [DIEMTB], [MAMON], [MAHOCKI], [MADANHSACH]) VALUES (N'MBD455', NULL, NULL, NULL, N'MSU', N'HKI', N'MDS26')
INSERT [dbo].[BANGDIEMMONHOC] ([MABANGDIEM], [DIEM15PHUT], [DIEM1TIET], [DIEMTB], [MAMON], [MAHOCKI], [MADANHSACH]) VALUES (N'MBD456', NULL, NULL, NULL, N'MDIA', N'HKI', N'MDS26')
INSERT [dbo].[BANGDIEMMONHOC] ([MABANGDIEM], [DIEM15PHUT], [DIEM1TIET], [DIEMTB], [MAMON], [MAHOCKI], [MADANHSACH]) VALUES (N'MBD457', NULL, NULL, NULL, N'MVAN', N'HKI', N'MDS26')
INSERT [dbo].[BANGDIEMMONHOC] ([MABANGDIEM], [DIEM15PHUT], [DIEM1TIET], [DIEMTB], [MAMON], [MAHOCKI], [MADANHSACH]) VALUES (N'MBD458', NULL, NULL, NULL, N'MDAODUC', N'HKI', N'MDS26')
INSERT [dbo].[BANGDIEMMONHOC] ([MABANGDIEM], [DIEM15PHUT], [DIEM1TIET], [DIEMTB], [MAMON], [MAHOCKI], [MADANHSACH]) VALUES (N'MBD459', NULL, NULL, NULL, N'MTHEDUC', N'HKI', N'MDS26')
INSERT [dbo].[BANGDIEMMONHOC] ([MABANGDIEM], [DIEM15PHUT], [DIEM1TIET], [DIEMTB], [MAMON], [MAHOCKI], [MADANHSACH]) VALUES (N'MBD460', NULL, NULL, NULL, N'MTOAN', N'HKII', N'MDS26')
INSERT [dbo].[BANGDIEMMONHOC] ([MABANGDIEM], [DIEM15PHUT], [DIEM1TIET], [DIEMTB], [MAMON], [MAHOCKI], [MADANHSACH]) VALUES (N'MBD461', NULL, NULL, NULL, N'MLY', N'HKII', N'MDS26')
INSERT [dbo].[BANGDIEMMONHOC] ([MABANGDIEM], [DIEM15PHUT], [DIEM1TIET], [DIEMTB], [MAMON], [MAHOCKI], [MADANHSACH]) VALUES (N'MBD462', NULL, NULL, NULL, N'MHOA', N'HKII', N'MDS26')
INSERT [dbo].[BANGDIEMMONHOC] ([MABANGDIEM], [DIEM15PHUT], [DIEM1TIET], [DIEMTB], [MAMON], [MAHOCKI], [MADANHSACH]) VALUES (N'MBD463', NULL, NULL, NULL, N'MSINH', N'HKII', N'MDS26')
INSERT [dbo].[BANGDIEMMONHOC] ([MABANGDIEM], [DIEM15PHUT], [DIEM1TIET], [DIEMTB], [MAMON], [MAHOCKI], [MADANHSACH]) VALUES (N'MBD464', NULL, NULL, NULL, N'MSU', N'HKII', N'MDS26')
INSERT [dbo].[BANGDIEMMONHOC] ([MABANGDIEM], [DIEM15PHUT], [DIEM1TIET], [DIEMTB], [MAMON], [MAHOCKI], [MADANHSACH]) VALUES (N'MBD465', NULL, NULL, NULL, N'MDIA', N'HKII', N'MDS26')
INSERT [dbo].[BANGDIEMMONHOC] ([MABANGDIEM], [DIEM15PHUT], [DIEM1TIET], [DIEMTB], [MAMON], [MAHOCKI], [MADANHSACH]) VALUES (N'MBD466', NULL, NULL, NULL, N'MVAN', N'HKII', N'MDS26')
INSERT [dbo].[BANGDIEMMONHOC] ([MABANGDIEM], [DIEM15PHUT], [DIEM1TIET], [DIEMTB], [MAMON], [MAHOCKI], [MADANHSACH]) VALUES (N'MBD467', NULL, NULL, NULL, N'MDAODUC', N'HKII', N'MDS26')
INSERT [dbo].[BANGDIEMMONHOC] ([MABANGDIEM], [DIEM15PHUT], [DIEM1TIET], [DIEMTB], [MAMON], [MAHOCKI], [MADANHSACH]) VALUES (N'MBD468', NULL, NULL, NULL, N'MTHEDUC', N'HKII', N'MDS26')
INSERT [dbo].[BANGDIEMMONHOC] ([MABANGDIEM], [DIEM15PHUT], [DIEM1TIET], [DIEMTB], [MAMON], [MAHOCKI], [MADANHSACH]) VALUES (N'MBD469', NULL, NULL, NULL, N'MTOAN', N'HKI', N'MDS27')
INSERT [dbo].[BANGDIEMMONHOC] ([MABANGDIEM], [DIEM15PHUT], [DIEM1TIET], [DIEMTB], [MAMON], [MAHOCKI], [MADANHSACH]) VALUES (N'MBD470', NULL, NULL, NULL, N'MLY', N'HKI', N'MDS27')
INSERT [dbo].[BANGDIEMMONHOC] ([MABANGDIEM], [DIEM15PHUT], [DIEM1TIET], [DIEMTB], [MAMON], [MAHOCKI], [MADANHSACH]) VALUES (N'MBD471', NULL, NULL, NULL, N'MHOA', N'HKI', N'MDS27')
INSERT [dbo].[BANGDIEMMONHOC] ([MABANGDIEM], [DIEM15PHUT], [DIEM1TIET], [DIEMTB], [MAMON], [MAHOCKI], [MADANHSACH]) VALUES (N'MBD472', NULL, NULL, NULL, N'MSINH', N'HKI', N'MDS27')
INSERT [dbo].[BANGDIEMMONHOC] ([MABANGDIEM], [DIEM15PHUT], [DIEM1TIET], [DIEMTB], [MAMON], [MAHOCKI], [MADANHSACH]) VALUES (N'MBD473', NULL, NULL, NULL, N'MSU', N'HKI', N'MDS27')
INSERT [dbo].[BANGDIEMMONHOC] ([MABANGDIEM], [DIEM15PHUT], [DIEM1TIET], [DIEMTB], [MAMON], [MAHOCKI], [MADANHSACH]) VALUES (N'MBD474', NULL, NULL, NULL, N'MDIA', N'HKI', N'MDS27')
INSERT [dbo].[BANGDIEMMONHOC] ([MABANGDIEM], [DIEM15PHUT], [DIEM1TIET], [DIEMTB], [MAMON], [MAHOCKI], [MADANHSACH]) VALUES (N'MBD475', NULL, NULL, NULL, N'MVAN', N'HKI', N'MDS27')
INSERT [dbo].[BANGDIEMMONHOC] ([MABANGDIEM], [DIEM15PHUT], [DIEM1TIET], [DIEMTB], [MAMON], [MAHOCKI], [MADANHSACH]) VALUES (N'MBD476', NULL, NULL, NULL, N'MDAODUC', N'HKI', N'MDS27')
INSERT [dbo].[BANGDIEMMONHOC] ([MABANGDIEM], [DIEM15PHUT], [DIEM1TIET], [DIEMTB], [MAMON], [MAHOCKI], [MADANHSACH]) VALUES (N'MBD477', NULL, NULL, NULL, N'MTHEDUC', N'HKI', N'MDS27')
INSERT [dbo].[BANGDIEMMONHOC] ([MABANGDIEM], [DIEM15PHUT], [DIEM1TIET], [DIEMTB], [MAMON], [MAHOCKI], [MADANHSACH]) VALUES (N'MBD478', NULL, NULL, NULL, N'MTOAN', N'HKII', N'MDS27')
INSERT [dbo].[BANGDIEMMONHOC] ([MABANGDIEM], [DIEM15PHUT], [DIEM1TIET], [DIEMTB], [MAMON], [MAHOCKI], [MADANHSACH]) VALUES (N'MBD479', NULL, NULL, NULL, N'MLY', N'HKII', N'MDS27')
INSERT [dbo].[BANGDIEMMONHOC] ([MABANGDIEM], [DIEM15PHUT], [DIEM1TIET], [DIEMTB], [MAMON], [MAHOCKI], [MADANHSACH]) VALUES (N'MBD480', NULL, NULL, NULL, N'MHOA', N'HKII', N'MDS27')
INSERT [dbo].[BANGDIEMMONHOC] ([MABANGDIEM], [DIEM15PHUT], [DIEM1TIET], [DIEMTB], [MAMON], [MAHOCKI], [MADANHSACH]) VALUES (N'MBD481', NULL, NULL, NULL, N'MSINH', N'HKII', N'MDS27')
INSERT [dbo].[BANGDIEMMONHOC] ([MABANGDIEM], [DIEM15PHUT], [DIEM1TIET], [DIEMTB], [MAMON], [MAHOCKI], [MADANHSACH]) VALUES (N'MBD482', NULL, NULL, NULL, N'MSU', N'HKII', N'MDS27')
INSERT [dbo].[BANGDIEMMONHOC] ([MABANGDIEM], [DIEM15PHUT], [DIEM1TIET], [DIEMTB], [MAMON], [MAHOCKI], [MADANHSACH]) VALUES (N'MBD483', NULL, NULL, NULL, N'MDIA', N'HKII', N'MDS27')
INSERT [dbo].[BANGDIEMMONHOC] ([MABANGDIEM], [DIEM15PHUT], [DIEM1TIET], [DIEMTB], [MAMON], [MAHOCKI], [MADANHSACH]) VALUES (N'MBD484', NULL, NULL, NULL, N'MVAN', N'HKII', N'MDS27')
INSERT [dbo].[BANGDIEMMONHOC] ([MABANGDIEM], [DIEM15PHUT], [DIEM1TIET], [DIEMTB], [MAMON], [MAHOCKI], [MADANHSACH]) VALUES (N'MBD485', NULL, NULL, NULL, N'MDAODUC', N'HKII', N'MDS27')
INSERT [dbo].[BANGDIEMMONHOC] ([MABANGDIEM], [DIEM15PHUT], [DIEM1TIET], [DIEMTB], [MAMON], [MAHOCKI], [MADANHSACH]) VALUES (N'MBD486', NULL, NULL, NULL, N'MTHEDUC', N'HKII', N'MDS27')
SELECT * FROM HOCSINH
INSERT [dbo].[HOCSINH] ([MAHS], [HOTEN], [GIOITINH], [NGAYSINH], [DIACHI], [EMAIL], [MALOP]) VALUES (N'HS04', N'Đinh Minh Chí', N'Nam','12/30/2001', NULL, NULL, N'L10A2')
INSERT [dbo].[HOCSINH] ([MAHS], [HOTEN], [GIOITINH], [NGAYSINH], [DIACHI], [EMAIL], [MALOP]) VALUES (N'HS05', N'Trần Văn Rin', N'Nam','12/30/2001', NULL, NULL, N'L10A4')
INSERT [dbo].[HOCSINH] ([MAHS], [HOTEN], [GIOITINH], [NGAYSINH], [DIACHI], [EMAIL], [MALOP]) VALUES (N'HS06', N'Nguyễn Văn Trọng Khoa', N'Nam','12/27/2001' , NULL, NULL, N'L10A2')
INSERT [dbo].[HOCSINH] ([MAHS], [HOTEN], [GIOITINH], [NGAYSINH], [DIACHI], [EMAIL], [MALOP]) VALUES (N'HS07', N'Nguyễn Văn Duy', N'Nam','2/27/2001', NULL, NULL, N'L10A3')
INSERT [dbo].[HOCSINH] ([MAHS], [HOTEN], [GIOITINH], [NGAYSINH], [DIACHI], [EMAIL], [MALOP]) VALUES (N'HS08', N'Đặng Ngọc Thùy Dung', N'Nữ','2/3/2001', NULL, NULL, N'L10A4')
INSERT [dbo].[HOCSINH] ([MAHS], [HOTEN], [GIOITINH], [NGAYSINH], [DIACHI], [EMAIL], [MALOP]) VALUES (N'HS09', N'Đặng Ngọc Kim Khánh', N'Nữ', '12/30/2000', NULL, NULL, N'L10A3')
INSERT [dbo].[HOCSINH] ([MAHS], [HOTEN], [GIOITINH], [NGAYSINH], [DIACHI], [EMAIL], [MALOP]) VALUES (N'HS10', N'Đoàn Nam Minh', N'Nam','12/30/2000', NULL, NULL, N'L10A4')
INSERT [dbo].[HOCSINH] ([MAHS], [HOTEN], [GIOITINH], [NGAYSINH], [DIACHI], [EMAIL], [MALOP]) VALUES (N'HS11', N'Lý Hoa Nam', N'Nam','12/30/2002', NULL, NULL, N'L10A4')
INSERT [dbo].[HOCSINH] ([MAHS], [HOTEN], [GIOITINH], [NGAYSINH], [DIACHI], [EMAIL], [MALOP]) VALUES (N'HS12', N'Vũ Lê Hoàng Minh', N'Nam','12/30/2002', NULL, NULL, N'L10A4')
INSERT [dbo].[HOCSINH] ([MAHS], [HOTEN], [GIOITINH], [NGAYSINH], [DIACHI], [EMAIL], [MALOP]) VALUES (N'HS13', N'Nguyễn Thị Ngọc Thảo', N'Nữ','03/11/2002', NULL, NULL, N'L11A1')
INSERT [dbo].[HOCSINH] ([MAHS], [HOTEN], [GIOITINH], [NGAYSINH], [DIACHI], [EMAIL], [MALOP]) VALUES (N'HS14', N'Huỳnh Thị Thanh Thúy', N'Nữ','04/22/2001', NULL, NULL, N'L11A1')
INSERT [dbo].[HOCSINH] ([MAHS], [HOTEN], [GIOITINH], [NGAYSINH], [DIACHI], [EMAIL], [MALOP]) VALUES (N'HS15', N'Phạm Bảo Hoàng Huy', N'Nam','12/30/2001', NULL, NULL, N'L11A1')
INSERT [dbo].[HOCSINH] ([MAHS], [HOTEN], [GIOITINH], [NGAYSINH], [DIACHI], [EMAIL], [MALOP]) VALUES (N'HS16', N'Phạm Trần Hạnh Dung', N'Nữ','12/30/2001', NULL, NULL, N'L11A2')
INSERT [dbo].[HOCSINH] ([MAHS], [HOTEN], [GIOITINH], [NGAYSINH], [DIACHI], [EMAIL], [MALOP]) VALUES (N'HS17', N'Nguyễn Quỳnh Như', N'Nữ','12/30/2001', NULL, NULL, N'L11A2')
INSERT [dbo].[HOCSINH] ([MAHS], [HOTEN], [GIOITINH], [NGAYSINH], [DIACHI], [EMAIL], [MALOP]) VALUES (N'HS18', N'Hồ Thị Mỹ Xinh', N'Nữ','12/30/2001', NULL, NULL, N'L11A2')
INSERT [dbo].[HOCSINH] ([MAHS], [HOTEN], [GIOITINH], [NGAYSINH], [DIACHI], [EMAIL], [MALOP]) VALUES (N'HS19', N'Nguyễn Thế Huyền Trân', N'Nữ', '12/30/2001', NULL, NULL, N'L11A3')
INSERT [dbo].[HOCSINH] ([MAHS], [HOTEN], [GIOITINH], [NGAYSINH], [DIACHI], [EMAIL], [MALOP]) VALUES (N'HS20', N'Trần Lê Gia Hồng Phúc', N'Nam', '12/30/2001', NULL, NULL, N'L11A3')
INSERT [dbo].[HOCSINH] ([MAHS], [HOTEN], [GIOITINH], [NGAYSINH], [DIACHI], [EMAIL], [MALOP]) VALUES (N'HS21', N'Nguyễn Minh Kiều Trang',N'Nữ' ,'12/30/2001', NULL, NULL, N'L11A3')
INSERT [dbo].[HOCSINH] ([MAHS], [HOTEN], [GIOITINH], [NGAYSINH], [DIACHI], [EMAIL], [MALOP]) VALUES (N'HS22', N'Nguyễn Thùy Trang', N'Nữ','12/30/2000' , NULL, NULL, N'L12A1')
INSERT [dbo].[HOCSINH] ([MAHS], [HOTEN], [GIOITINH], [NGAYSINH], [DIACHI], [EMAIL], [MALOP]) VALUES (N'HS23', N'Nguyễn Minh Tiến', N'Nam','12/30/2000', NULL, NULL, N'L12A1')
INSERT [dbo].[HOCSINH] ([MAHS], [HOTEN], [GIOITINH], [NGAYSINH], [DIACHI], [EMAIL], [MALOP]) VALUES (N'HS24', N'Lâm Hữu Trọng', N'Nam', '12/30/2000' , NULL, NULL, N'L12A1')
INSERT [dbo].[HOCSINH] ([MAHS], [HOTEN], [GIOITINH], [NGAYSINH], [DIACHI], [EMAIL], [MALOP]) VALUES (N'HS25', N'Phạm Quang Nhựt', N'Nam','12/30/2000' ,NULL, NULL, N'L12A2')
INSERT [dbo].[HOCSINH] ([MAHS], [HOTEN], [GIOITINH], [NGAYSINH], [DIACHI], [EMAIL], [MALOP]) VALUES (N'HS27', N'Võ Thị Kiều My', N'Nữ','12/30/2000 ', NULL, NULL, N'L12A2')

GO

ALTER TABLE [dbo].[HOCSINH]  WITH CHECK ADD  CONSTRAINT [FK_HOCSINH_LOP] FOREIGN KEY([MALOP])
REFERENCES [dbo].[LOP] ([MALOP])
ALTER TABLE [dbo].[HOCSINH]  WITH CHECK ADD  CONSTRAINT [FK_HOCSINH_DIEM] FOREIGN KEY([MABANGDIEM])
REFERENCES [dbo].[BANGDIEMMONHOC] ([MABANGDIEM])

ALTER TABLE [dbo].[LOP]  WITH CHECK ADD  CONSTRAINT [FK_LOP_KHOI] FOREIGN KEY([MAKHOI])
REFERENCES [dbo].[KHOI] ([MAKHOI])

GO
ALTER TABLE [dbo].[BANGDIEMMONHOC]  WITH CHECK ADD  CONSTRAINT [FK_BANGDIEMMONHOC_MON] FOREIGN KEY([MAMON])
REFERENCES [dbo].[MON] ([MAMON])
GO
ALTER TABLE [dbo].[BANGDIEMMONHOC]  WITH CHECK ADD  CONSTRAINT [FK_BANGDIEMMONHOC_HOCKI] FOREIGN KEY([MAHOCKI])
REFERENCES [dbo].[HOCKI] ([MAHOCKI])


GO
CREATE PROC USP_LOGIN
@UserName NVARCHAR(100),@PassWord NVARCHAR(100)
AS
BEGIN
SELECT* FROM ACCOUNT WHERE USERNAME=@UserName AND PASSWORD=@PassWord
END
EXEC USP_LOGIN huu ,1
SELECT* FROM ACCOUNT WHERE USERNAME='huu' AND PASSWORD=1
GO
CREATE PROC USP_GETSTUDENTLIST
AS
SELECT * FROM HOCSINH 
EXEC USP_STUDENTLIST
GO
CREATE PROC USP_GETGRADELIST
AS
SELECT * FROM KHOI 
GO
CREATE PROC USP_GETSUBJECTLIST
AS
SELECT * FROM MON 
EXEC USP_GETSUBJECTLIST
GO

CREATE PROC USP_GETSEMESTERLIST
AS
SELECT * FROM HOCKI 
EXEC USP_GETSEMESTERLIST
GO

CREATE PROC USP_GETNEWSTUDENTLIST
AS
BEGIN
SELECT * FROM HOCSINH
WHERE MALOP=N'L11A2'
END
EXEC USP_GETNEWSTUDENTLIST


CREATE PROC USP_DELETE
@MaHS NVARCHAR(100)
AS
BEGIN
DELETE HOCSINH WHERE MAHS = @MaHS 
END
CREATE PROC USP_GETCLASSLIST
@MaKhoi NVARCHAR(100)
AS
BEGIN
SELECT* FROM LOP WHERE MAKHOI = @MaKhoi 
END
SELECT* FROM HOCSINH
WHERE MALOP=''

SELECT LOP.TENLOP,LOP.MAKHOI,COUNT(HOCSINH.MAHS) AS 'SISO'
FROM HOCSINH JOIN LOP ON HOCSINH.MALOP=LOP.MALOP
WHERE LOP.MAKHOI=N'K10'
GROUP BY LOP.TENLOP,LOP.MAKHOI

SELECT COUNT(MAHS) FROM HOCSINH WHERE MALOP = N'L10A1'
SELECT MALOP,TENLOP,MAKHOI FROM LOP WHERE MAKHOI = N'K10'
